# Hindi vocabulary for the basic tier (english word or phrase<TAB>Hindi). Rules: workshop loanwords for parts, ABS/ECU-style acronyms stay Latin, Latin digits, nukta spellings (ऑफ़ फ़्यूल फ़ैन), see GLOSSARY_HI.md. Machine translation, not read by a person.
# round 1 (batch P01): 133 words
activated	सक्रिय
activation	एक्टिवेशन
actuator	एक्चुएटर
advanced	एडवांस्ड
air	एयर
alternative	वैकल्पिक
ambient	एम्बिएंट
assisted	असिस्टेड
at max limit	अधिकतम सीमा पर
at min limit	न्यूनतम सीमा पर
at limit	सीमा पर
balance	बैलेंस
bank	बैंक
bank1	बैंक 1
bank2	बैंक 2
barometric	बैरोमेट्रिक
battery	बैटरी
blocked	ब्लॉक
body	बॉडी
boost	बूस्ट
bypass	बायपास
camshaft	कैमशाफ़्ट
charge	चार्ज
circuit	सर्किट
closed	बंद
composition	कंपोज़िशन
control	कंट्रोल
coolant	कूलेंट
cooler	कूलर
correlation	कोरिलेशन
cranking	क्रैंकिंग
crankshaft	क्रैंकशाफ़्ट
cylinder	सिलेंडर
delayed	देरी से
delivery	डिलीवरी
detected	पाया गया
detection	डिटेक्शन
engine	इंजन
enter	प्रवेश
erratic	अनियमित
error	एरर
evap	EVAP
exceeded	पार हो गया
excessive	अत्यधिक
exchanger	एक्सचेंजर
exhaust	एग्ज़ॉस्ट
filter	फ़िल्टर
flow	फ़्लो
forced	ज़बरन
frequent	बार-बार
fuel	फ़्यूल
head	हेड
heat	हीट
heater	हीटर
high	हाई
ho2s	HO2S
humidity	ह्यूमिडिटी
illumination	रोशनी
incorrect	गलत
injection	इंजेक्शन
injector	इंजेक्टर
inlet	इनलेट
input	इनपुट
insufficient	अपर्याप्त
intake	इनटेक
intermittent	बीच-बीच में
large	बड़ा
leak	रिसाव
lean	लीन
learning	लर्निंग
level	लेवल
limit	सीमा
limited	सीमित
line	लाइन
loop	लूप
low	लो
malfunction	खराबी
map	MAP
mass	मास
max	अधिकतम
mechanical	मैकेनिकल
mil	MIL
min	न्यूनतम
module	मॉड्यूल
o2	O2
of	का
off	ऑफ़
oil	ऑयल
on	ऑन
open	ओपन
or	या
out of range	रेंज से बाहर
outlet	आउटलेट
over	ओवर
overspeed	ओवरस्पीड
performance	परफ़ॉर्मेंस
position	पोज़ीशन
power	पावर
pressure	प्रेशर
profile	प्रोफ़ाइल
pump	पंप
radiator	रेडिएटर
rail	रेल
range	रेंज
ratio	रेशियो
regulator	रेगुलेटर
relief	रिलीफ़
requested	अनुरोधित
resistance	रेज़िस्टेंस
response	रिस्पॉन्स
restricted	बाधित
retarded	रिटार्डेड
rich	रिच
sensor	सेंसर
shutoff	शटऑफ़
signals	सिग्नल
slow	धीमा
small	छोटा
solenoid	सोलेनॉइड
state	स्टेट
stuck	अटका
supercharger	सुपरचार्जर
supply	सप्लाई
swapped	अदला-बदली हुई
system	सिस्टम
tank	टैंक
temperature	तापमान
time	समय
timing	टाइमिंग
to	से
too	बहुत
too low	बहुत कम
too high	बहुत ज़्यादा
trim	ट्रिम
turbine	टरबाइन
turbocharger	टर्बोचार्जर
valve	वाल्व
vapor	वेपर
voltage	वोल्टेज
volume	वॉल्यूम
# round 1b: grammar phrase aligned with GLOSSARY_HI.md (circuit fault)
circuit malfunction	सर्किट में खराबी
# round 2 (batch P02): 78 words
ac	AC
activity	गतिविधि
no activity detected	कोई गतिविधि नहीं मिली
no signal	कोई सिग्नल नहीं
no pulses	कोई पल्स नहीं
no flow detected	कोई फ़्लो नहीं मिला
below	से नीचे
above	से ऊपर
below threshold	सीमा से कम
above threshold	सीमा से ज़्यादा
biased	बायस्ड
cam	कैम
coil	कॉइल
cold	कोल्ड
combustion	कंबशन
condition	कंडीशन
contribution	कंट्रीब्यूशन
converter	कन्वर्टर
cooling	कूलिंग
current	करंट
dc	DC
diagnostic	डायग्नोस्टिक
diesel	डीज़ल
direction	दिशा
disabled	डिसेबल्ड
driver	ड्राइवर
efficiency	एफ़िशिएंसी
expected	अपेक्षित
higher than expected	अपेक्षा से ज़्यादा
lower than expected	अपेक्षा से कम
fan	फ़ैन
fault	फ़ॉल्ट
few	कम
too few	बहुत कम
too many	बहुत ज़्यादा
many	ज़्यादा
fluid	फ़्लूइड
fueling	फ़्यूलिंग
glow	ग्लो
hardware	हार्डवेयर
higher	ज़्यादा
ignition	इग्निशन
inactive	निष्क्रिय
indicator	इंडिकेटर
ion	आयन
knock	नॉक
leaking	रिसाव हो रहा
learned	सीखा गया
not learned	सीखा नहीं गया
not specified	निर्दिष्ट नहीं
not present	मौजूद नहीं
not	नहीं
lower	निचला
metering	मीटरिंग
misfire	मिसफ़ायर
monitoring	मॉनिटरिंग
motor	मोटर
no	कोई
offset	ऑफ़सेट
overboost	ओवरबूस्ट
underboost	अंडरबूस्ट
pedal	पैडल
plug	प्लग
present	मौजूद
primary	प्राइमरी
propulsion	प्रोपल्शन
pulses	पल्स
quantity	मात्रा
reference	रेफ़रेंस
relapsed	फिर गिरा
resolution	रेज़ोल्यूशन
road	रोड
rotor	रोटर
rough	रफ़
secondary	सेकंडरी
sense	सेंस
signal	सिग्नल
single	सिंगल
specified	निर्दिष्ट
start	स्टार्ट
switch	स्विच
than	से
thermostat	थर्मोस्टेट
threshold	सीमा
throttle	थ्रॉटल
timer	टाइमर
transmission	ट्रांसमिशन
variation	वैरिएशन
vehicle	वाहन
vibration	वाइब्रेशन
wastegate	वेस्टगेट
with	के साथ
# round 3 (batch P03): 60 words
active	सक्रिय
and	और
assist	असिस्ट
booster	बूस्टर
brake	ब्रेक
cancel	कैंसल
catalyst	कैटेलिस्ट
coast	कोस्ट
connection	कनेक्शन
crankcase	क्रैंककेस
cruise	क्रूज़
decrease	कमी
deployed	डिप्लॉय हुआ
deployment	डिप्लॉयमेंट
disconnected	डिसकनेक्टेड
distance	दूरी
door	डोर
egr	EGR
evaporator	इवेपोरेटर
fill	फ़िल
fresh	फ़्रेश
function	फ़ंक्शन
gas	गैस
grille	ग्रिल
heated	हीटेड
hose	होज़
idle	आइडल
increase	बढ़ोतरी
load	लोड
lock	लॉक
loss	हानि
mode	मोड
monitor	मॉनिटर
multi	मल्टी
orifice	ऑरिफ़िस
oxygen	ऑक्सीजन
pcv	PCV
processor	प्रोसेसर
purge	पर्ज
reductant	रिडक्टेंट
refrigerant	रेफ़्रिजरेंट
refueling	रीफ़्यूलिंग
request	अनुरोध
restraint	रिस्ट्रेंट
restraints	रिस्ट्रेंट
restriction	रुकावट
servo	सर्वो
shorted	शॉर्ट हुआ
shutter	शटर
side	साइड
speed	स्पीड
steering	स्टीयरिंग
stop	स्टॉप
switching	स्विचिंग
underspeed	अंडरस्पीड
unlock	अनलॉक
vacuum	वैक्यूम
vent	वेंट
ventilation	वेंटिलेशन
very	बहुत
# round 4 (batch P04): 66 words
aftertreatment	आफ़्टरट्रीटमेंट
auto	ऑटो
calculation	कैलकुलेशन
calibration	कैलिब्रेशन
cap	कैप
checksum	चेकसम
clutch	क्लच
communication	संचार
compressor	कंप्रेसर
configuration	कॉन्फ़िगरेशन
controller	कंट्रोलर
display	डिस्प्ले
ecm	ECM
economy	इकोनॉमी
electrical	इलेक्ट्रिकल
element	एलिमेंट
engage	लगाना
friction	फ़्रिक्शन
gear	गियर
generator	जनरेटर
hot	हॉट
immobilizer	इम्मोबिलाइज़र
in	में
incompatibility	असंगति
incompatible	असंगत
intermediate	इंटरमीडिएट
internal	इंटरनल
kam	KAM
lamp	लैंप
management	मैनेजमेंट
manifold	मैनिफ़ोल्ड
memory	मेमोरी
neutral	न्यूट्रल
normal	नॉर्मल
nox	NOx
odometer	ओडोमीटर
output	आउटपुट
park	पार्क
pcm	PCM
programmed	प्रोग्राम किया गया
not programmed	प्रोग्राम नहीं किया गया
pto	PTO
ram	RAM
relay	रिले
restart	रीस्टार्ट
reverse	रिवर्स
rom	ROM
rpm	RPM
scr	SCR
select	सिलेक्ट
serial	सीरियल
shaft	शाफ़्ट
shift	शिफ़्ट
shutdown	शटडाउन
slip	स्लिप
software	सॉफ़्टवेयर
starter	स्टार्टर
status	स्टेटस
tcm	TCM
torque	टॉर्क
tuning	ट्यूनिंग
unable	असमर्थ
unauthorized	अनधिकृत
up	अप
variable	वेरिएबल
vin	VIN
wake	वेक
