code,group,field,old,new,why
P2100,G4,level,SERVICE_SOON,STOP,"G4 owner decision: throttle motor circuit fault can leave the throttle unresponsive, as P2104: STOP"
P2100,G4,advice,"The ECU may switch to reduced power mode, and the throttle may not follow the twist grip. If it stalls more than once or will not restart, do not keep riding; have it taken to a workshop.","The ECU may switch to reduced power mode, and the throttle may not follow the twist grip. Pull over safely, switch off and do not keep riding; have the bike taken to a workshop.","G4 owner decision: throttle motor circuit fault can leave the throttle unresponsive, as P2104: STOP"
P2100,G4,ride,"('with_care', 'reduced power mode likely; ride gently, avoid traffic')","('no', 'throttle may not follow the twist grip; arrange transport')","G4 owner decision: throttle motor circuit fault can leave the throttle unresponsive, as P2104: STOP"
P2102,G4,level,SERVICE_SOON,STOP,"G4 owner decision: throttle motor circuit fault can leave the throttle unresponsive, as P2104: STOP"
P2102,G4,advice,"The ECU may switch to reduced power mode, and the throttle may not follow the twist grip. If it stalls more than once or will not restart, do not keep riding; have it taken to a workshop.","The ECU may switch to reduced power mode, and the throttle may not follow the twist grip. Pull over safely, switch off and do not keep riding; have the bike taken to a workshop.","G4 owner decision: throttle motor circuit fault can leave the throttle unresponsive, as P2104: STOP"
P2102,G4,ride,"('with_care', 'reduced power mode likely; ride gently, avoid traffic')","('no', 'throttle may not follow the twist grip; arrange transport')","G4 owner decision: throttle motor circuit fault can leave the throttle unresponsive, as P2104: STOP"
P2103,G4,level,SERVICE_SOON,STOP,"G4 owner decision: throttle motor circuit fault can leave the throttle unresponsive, as P2104: STOP"
P2103,G4,advice,"The ECU may switch to reduced power mode, and the throttle may not follow the twist grip. If it stalls more than once or will not restart, do not keep riding; have it taken to a workshop.","The ECU may switch to reduced power mode, and the throttle may not follow the twist grip. Pull over safely, switch off and do not keep riding; have the bike taken to a workshop.","G4 owner decision: throttle motor circuit fault can leave the throttle unresponsive, as P2104: STOP"
P2103,G4,ride,"('with_care', 'reduced power mode likely; ride gently, avoid traffic')","('no', 'throttle may not follow the twist grip; arrange transport')","G4 owner decision: throttle motor circuit fault can leave the throttle unresponsive, as P2104: STOP"
P2106,G4,level,SERVICE_SOON,STOP,G4 rule check: forced limited power fault is on the owner's STOP list; as P2104
P2106,G4,advice,"The bike may accelerate weakly because power is limited. If it stalls more than once or will not restart, do not keep riding; have it taken to a workshop.","The bike may accelerate weakly because power is limited. Pull over safely, switch off and do not keep riding; have the bike taken to a workshop.",G4 rule check: forced limited power fault is on the owner's STOP list; as P2104
P2106,G4,ride,"('with_care', 'power is limited; avoid overtaking and heavy traffic')","('no', 'power is limited on purpose; arrange transport')",G4 rule check: forced limited power fault is on the owner's STOP list; as P2104
P2107,G4,level,SERVICE_SOON,STOP,"G4 rule check: control module fault, the ECU may not control the throttle; as P2104"
P2107,G4,advice,"If the engine runs normally, have it checked soon; if it stalls, loses power or will not start, do not keep riding.","The ECU may not control the throttle correctly. Pull over safely, switch off and do not keep riding; have the bike taken to a workshop.","G4 rule check: control module fault, the ECU may not control the throttle; as P2104"
P2107,G4,ride,"('with_care', 'ride only if the engine runs normally; go straight to a workshop')","('no', 'the ECU may not control the throttle; arrange transport')","G4 rule check: control module fault, the ECU may not control the throttle; as P2104"
P2108,G4,level,SERVICE_SOON,STOP,"G4 rule check: control module self-test fault, the ECU may not control the throttle; as P2104"
P2108,G4,advice,"If the engine runs normally, have it checked soon; if it stalls, loses power or will not start, do not keep riding.","The ECU may not control the throttle correctly. Pull over safely, switch off and do not keep riding; have the bike taken to a workshop.","G4 rule check: control module self-test fault, the ECU may not control the throttle; as P2104"
P2108,G4,ride,"('with_care', 'ride only if the engine runs normally; go straight to a workshop')","('no', 'the ECU may not control the throttle; arrange transport')","G4 rule check: control module self-test fault, the ECU may not control the throttle; as P2104"
P2110,G4,level,SERVICE_SOON,STOP,G4 rule check: forced limited engine speed is a forced-limited-power fault; as P2104
P2110,G4,advice,"The engine speed may be limited to a low value. If it stalls more than once or will not restart, do not keep riding; have it taken to a workshop.","The engine speed may be limited to a low value. Pull over safely, switch off and do not keep riding; have the bike taken to a workshop.",G4 rule check: forced limited engine speed is a forced-limited-power fault; as P2104
P2110,G4,ride,"('with_care', 'engine speed limited; ride gently, avoid traffic')","('no', 'engine speed is limited on purpose; arrange transport')",G4 rule check: forced limited engine speed is a forced-limited-power fault; as P2104
P2111,G4,advice,"The bike may not slow down when you close the twist grip. Pull over safely, switch off and do not keep riding; have the bike taken to a workshop.","Close the throttle, pull in the clutch, use both brakes to slow down, then stop safely and switch off. Pull over and do not keep riding; have the bike taken to a workshop.",G4 owner decision: tell the rider how to slow down; confidence medium because Q4 forbids high on braking text
P2111,G4,confidence,high,medium,G4 owner decision: tell the rider how to slow down; confidence medium because Q4 forbids high on braking text
