code,obdex_title,wal33d_title,similarity,verdict,note,previously_held_back,entry_written,neighbouring_codes_wal33d,neighbouring_codes_obdex
P0351,"Ignition Coil ""A"" Primary/Secondary Circuit Malfunction (Cylinder 1)",Ignition Coil A Primary Control Circuit/Open,0.59,DISAGREE,MEANING: key words differ: OBDex only ['cyl1']; Wal33D only ['open'],no,yes,P034F=? | P0350=Ignition Coil Primary/Secondary Circuit/Open | P0352=Ignition Coil B Primary Control Circuit/Open | P0353=Ignition Coil C Primary Control Circuit/Open,"P034F=(not selected) | P0350=Ignition Coil Primary/Secondary Circuit/Open | P0352=Ignition Coil ""B"" Primary/Secondary Circuit Malfunction (Cylinder 2) | P0353=(not selected)"
P0352,"Ignition Coil ""B"" Primary/Secondary Circuit Malfunction (Cylinder 2)",Ignition Coil B Primary Control Circuit/Open,0.63,DISAGREE,MEANING: key words differ: OBDex only ['cyl2']; Wal33D only ['open'],no,yes,P0350=Ignition Coil Primary/Secondary Circuit/Open | P0351=Ignition Coil A Primary Control Circuit/Open | P0353=Ignition Coil C Primary Control Circuit/Open | P0354=Ignition Coil D Primary Control Circuit/Open,"P0350=Ignition Coil Primary/Secondary Circuit/Open | P0351=Ignition Coil ""A"" Primary/Secondary Circuit Malfunction (Cylinder 1) | P0353=(not selected) | P0354=(not selected)"
P0505,Idle Air Control System Malfunction,Idle Control System,0.76,DISAGREE,WORDING: same key words but similarity 0.76 is below 0.8,no,yes,P0503=Vehicle Speed Sensor A Circuit Intermittent/Erratic/High | P0504=Brake Switch A/B Correlation | P0506=Idle Control System RPM - Lower Than Expected | P0507=Idle Control System RPM - Higher Than Expected,"P0503=Vehicle Speed Sensor A Circuit Intermittent Erratic or High | P0504=Brake Switch ""A""/""B"" Correlation | P0506=Idle Air Control System RPM Lower Than Expected | P0507=Idle Air Control System RPM Higher Than Expected"
C0035,Left Front Wheel Speed Sensor Circuit Malfunction,Right Front Wheel Speed Sensor Supply,0.62,DISAGREE,"MEANING: key words differ: OBDex only ['left']; Wal33D only ['right', 'supply']",no,yes,C0033=Right Front Tone Wheel | C0034=Right Front Wheel Speed Sensor | C0036=Left Rear Tone Wheel | C0037=Left Rear Wheel Speed Sensor,C0033=Left Front Wheel Speed Sensor Signal Erratic | C0034=Left Front Wheel Speed Sensor No Signal | C0036=Left Front Wheel Speed Sensor Circuit Intermittent | C0037=Left Rear Wheel Speed Sensor
P0134,O2 Sensor Circuit No Activity / Slow Response (Bank 1 Sensor 1),O2 Sensor Circuit No Activity Detected Bank 1 Sensor 1,0.67,DISAGREE,"MEANING: key words differ: OBDex only ['response', 'slow']; Wal33D only []",yes,no,P0132=O2 Sensor Circuit High Voltage Bank 1 Sensor 1 | P0133=O2 Sensor Circuit Slow Response Bank 1 Sensor 1 | P0135=O2 Sensor Heater Circuit Bank 1 Sensor 1 | P0136=O2 Sensor Circuit Bank 1 Sensor 2,"P0132=O2 Sensor Circuit High Voltage (Bank 1, Sensor 1) | P0133=O2 Sensor Slow Response (Bank 1, Sensor 1) | P0135=O2 Sensor Heater Circuit Malfunction (Bank 1, Sensor 1) | P0136=O2 Sensor Circuit Malfunction (Bank 1, Sensor 2)"
P0325,Knock Sensor 1 Circuit Malfunction (Bank 1),Knock/Combustion Vibration Sensor A Circuit,0.33,DISAGREE,WORDING: same key words but similarity 0.33 is below 0.8,no,yes,P0323=Ignition/Distributor Engine Speed Input Circuit Intermittent | P0324=Knock/Combustion Vibration Control System Error | P0326=Knock/Combustion Vibration Sensor A Circuit Range/Performance | P0327=Knock/Combustion Vibration Sensor A Circuit Low,P0323=Ignition/Distributor Engine Speed Input Circuit Intermittent | P0324=Knock/Combustion Vibration Control System Error | P0326=Knock/Combustion Vibration Sensor A Circuit Range/Performance | P0327=Knock Sensor 1 Circuit Low Input (Bank 1)
P0327,Knock Sensor 1 Circuit Low Input (Bank 1),Knock/Combustion Vibration Sensor A Circuit Low,0.48,DISAGREE,WORDING: same key words but similarity 0.48 is below 0.8,no,yes,P0325=Knock/Combustion Vibration Sensor A Circuit | P0326=Knock/Combustion Vibration Sensor A Circuit Range/Performance | P0328=Knock/Combustion Vibration Sensor A Circuit High | P0329=Knock/Combustion Vibration Sensor A Circuit Intermittent,P0325=Knock Sensor 1 Circuit Malfunction (Bank 1) | P0326=Knock/Combustion Vibration Sensor A Circuit Range/Performance | P0328=Knock Sensor 1 Circuit High Input (Bank 1) | P0329=Knock/Combustion Vibration Sensor A Circuit Intermittent
P0328,Knock Sensor 1 Circuit High Input (Bank 1),Knock/Combustion Vibration Sensor A Circuit High,0.49,DISAGREE,WORDING: same key words but similarity 0.49 is below 0.8,no,yes,P0326=Knock/Combustion Vibration Sensor A Circuit Range/Performance | P0327=Knock/Combustion Vibration Sensor A Circuit Low | P0329=Knock/Combustion Vibration Sensor A Circuit Intermittent | P032A=Knock/Combustion Vibration Sensor C Circuit,P0326=Knock/Combustion Vibration Sensor A Circuit Range/Performance | P0327=Knock Sensor 1 Circuit Low Input (Bank 1) | P0329=Knock/Combustion Vibration Sensor A Circuit Intermittent | P032A=(not selected)
P0446,Evaporative Emission Vent Control Circuit Malfunction,EVAP System Vent Control Circuit,0.69,DISAGREE,WORDING: same key words but similarity 0.69 is below 0.8,no,no,P0444=EVAP System Purge Control Valve A Circuit Open | P0445=EVAP System Purge Control Valve A Circuit Shorted | P0447=EVAP System Vent Control Circuit Open | P0448=EVAP System Vent Control Circuit Shorted,P0444=Evaporative Emission Purge Control Valve Circuit Open | P0445=Evaporative Emission System Purge Control Valve Circuit Shorted | P0447=Evaporative Emission System Vent Control Circuit Open | P0448=EVAP System Vent Control Circuit Shorted
P0449,Evaporative Emission System Vent Valve/Solenoid Circuit Malfunction,EVAP System Vent Valve Control Circuit/Open,0.78,DISAGREE,MEANING: key words differ: OBDex only []; Wal33D only ['open'],no,no,P0447=EVAP System Vent Control Circuit Open | P0448=EVAP System Vent Control Circuit Shorted | P044A=EGR Sensor C Circuit | P044B=EGR Sensor C Circuit Range/Performance,P0447=Evaporative Emission System Vent Control Circuit Open | P0448=EVAP System Vent Control Circuit Shorted | P044A=(not selected) | P044B=(not selected)
P0421,Warm Up Catalyst Efficiency Below Threshold (Bank 1),Catalyst 1 Efficiency Below Threshold Bank 1,0.78,DISAGREE,"MEANING: key words differ: OBDex only ['up', 'warm']; Wal33D only []",no,no,P041F=AIR System Switching Valve A Circuit Low | P0420=Catalyst System Efficiency Below Threshold Bank 1 | P0422=Catalyst 2 Efficiency Below Threshold Bank 1 | P0423=Heated Catalyst Efficiency Below Threshold Bank 1,P041F=(not selected) | P0420=Catalyst System Efficiency Below Threshold (Bank 1) | P0422=(not selected) | P0423=(not selected)
P2119,Throttle Closed Position Performance,Throttle Actuator A Control Throttle Body Range/Performance,0.45,DISAGREE,"MEANING: key words differ: OBDex only ['closed']; Wal33D only ['body', 'range']",no,no,P2117=Throttle/Pedal Position Sensor F Minimum Stop Performance | P2118=Throttle Actuator A Control Motor Current Range/Performance | P211A=Throttle Actuator B Control System - Stuck Open | P211B=Throttle Actuator B Control System - Stuck Close,P2117=(not selected) | P2118=Throttle Actuator Control Motor Current Range/Performance | P211A=(not selected) | P211B=(not selected)
C0040,Right Front Wheel Speed Sensor Circuit Malfunction,Brake Pedal Switch A,0.18,DISAGREE,"MEANING: key words differ: OBDex only ['front', 'right', 'speed', 'wheel']; Wal33D only ['brake', 'pedal']",no,no,C003E=Rear Wheel Speed Sensor Supply | C003F=Wheel Speed Sensors Rotation Direction Correlation | C0041=Brake Pedal Switch B | C0042=Brake Pedal Position Sensor Circuit A,C003E=Rear Wheel Speed Sensor Supply | C003F=Wheel Speed Sensors Rotation Direction Correlation | C0041=Right Front Wheel Speed Sensor Circuit Range/Performance | C0042=Right Front Wheel Speed Sensor Circuit Low
C0045,Left Rear Wheel Speed Sensor Circuit Malfunction,Brake Pressure Sensor B,0.16,DISAGREE,"MEANING: key words differ: OBDex only ['left', 'rear', 'speed', 'wheel']; Wal33D only ['b', 'brake']",no,no,C0043=Brake Pedal Position Sensor Circuit B | C0044=Brake Pressure Sensor A | C0046=Brake Pressure Sensor A/B | C0047=Brake Booster Pressure Sensor,C0043=Right Front Wheel Speed Sensor Circuit High | C0044=Right Front Wheel Speed Sensor Signal Erratic | C0046=Right Front Wheel Speed Sensor Circuit Intermittent | C0047=(not selected)
C0050,Right Rear Wheel Speed Sensor Circuit Malfunction,,0.00,MISSING,no GENERIC row for this code in the Wal33D database,no,no,C004E=Brake System Pressure Control Valve Actuator Stuck | C004F=ABS Control Module Over Temperature | C0051=Steering Wheel Position Sensor | C0052=Steering Wheel Position Sensor Signal A,C004E=(not selected) | C004F=ABS Control Module Over Temperature | C0051=(not selected) | C0052=Left Rear Wheel Speed Sensor Circuit Low
C0099,ABS Control Module Internal Fault,4WD/AWD Rear Differential Unit Actuator A Position Sensor A,0.09,DISAGREE,MEANING: key words differ: OBDex only ['abs']; Wal33D only ['rear'],no,no,C0097=4WD/AWD Rear Differential Unit Actuator B | C0098=4WD/AWD Rear Differential Unit Actuator B Data | C009A=4WD/AWD Rear Differential Unit Actuator A Position Sensor B | C009B=4WD/AWD Rear Differential Unit Actuator A Position Sensor C,C0097=(not selected) | C0098=(not selected) | C009A=(not selected) | C009B=(not selected)
P2230,Barometric Pressure Circuit Low,Barometric Pressure Sensor A Circuit Intermittent/Erratic,0.61,DISAGREE,MEANING: key words differ: OBDex only ['low']; Wal33D only ['intermittent'],yes,no,P222E=Barometric Pressure Sensor B Circuit Intermittent/Erratic | P222F=Barometric Pressure Sensor A/B Correlation | P2231=O2 Sensor Signal Circuit Shorted to Heater Circuit Bank 1 Sensor 1 | P2232=O2 Sensor Signal Circuit Shorted to Heater Circuit Bank 1 Sensor 2,P222E=(not selected) | P222F=(not selected) | P2231=(not selected) | P2232=(not selected)
P0140,O2 Sensor Circuit No Activity / Slow Response (Bank 1 Sensor 2),O2 Sensor Circuit No Activity Detected Bank 1 Sensor 2,0.72,DISAGREE,"MEANING: key words differ: OBDex only ['response', 'slow']; Wal33D only []",yes,no,P013E=O2 Sensor Delayed Response - Rich to Lean Bank 1 Sensor 2 | P013F=O2 Sensor Delayed Response - Lean to Rich Bank 1 Sensor 2 | P0141=O2 Sensor Heater Circuit Bank 1 Sensor 2 | P0142=O2 Sensor Circuit Bank 1 Sensor 3,"P013E=O2 Sensor Delayed Response - Rich to Lean Bank 1 Sensor 2 | P013F=O2 Sensor Delayed Response - Lean to Rich Bank 1 Sensor 2 | P0141=O2 Sensor Heater Circuit Malfunction (Bank 1, Sensor 2) | P0142=(not selected)"
U0168,Lost Communication with Vehicle Immobilizer Control Module,Lost Communication With Vehicle Security Control Module,0.70,DISAGREE,MEANING: key words differ: OBDex only ['immobiliser']; Wal33D only ['security'],yes,no,U0166=Lost Communication With Auxiliary Heater Control Module | U0167=Lost Communication With Vehicle Immobilizer Control Module | U0169=Lost Communication With Sunroof Control Module | U016A=Lost Communication With Global Positioning System Module,U0166=(not selected) | U0167=Lost Communication with Vehicle Immobiliser Control Module | U0169=(not selected) | U016A=(not selected)
P0418,"Secondary Air Injection System Relay ""A"" Circuit Malfunction",AIR System Control A Circuit,0.72,DISAGREE,MEANING: key words differ: OBDex only ['relay']; Wal33D only [],no,no,P0416=AIR System Switching Valve B Circuit Open | P0417=AIR System Switching Valve B Circuit Shorted | P0419=AIR System Control B Circuit | P041A=EGR Temperature Sensor B Circuit,P0416=(not selected) | P0417=(not selected) | P0419=(not selected) | P041A=(not selected)
U0327,Software Incompatibility with Powertrain Control Module,Software Incompatibility With Vehicle Security Control Module,0.63,DISAGREE,MEANING: key words differ: OBDex only ['powertrain']; Wal33D only ['security'],no,no,U0325=Software Incompatibility With Auxiliary Heater Control Module | U0326=Software Incompatibility With Vehicle Immobilizer Control Module | U0328=Software Incompatibility With Steering Angle Sensor Module | U0329=Software Incompatibility With Steering Column Control Module,U0325=(not selected) | U0326=(not selected) | U0328=(not selected) | U0329=(not selected)
U0408,Invalid Data Received from Vehicle Immobilizer Control Module,Invalid Data Received From Throttle Actuator A Control Module,0.42,DISAGREE,MEANING: key words differ: OBDex only ['immobiliser']; Wal33D only ['throttle'],no,no,U0406=Invalid Data Received From Fuel Injector Control Module | U0407=Invalid Data Received From Glow Plug Control Module 1 | U0409=Invalid Data Received From Alternative Fuel Control Module | U040A=Invalid Data Received From Air Conditioning Control Module,U0406=(not selected) | U0407=(not selected) | U0409=(not selected) | U040A=(not selected)
U0421,Invalid Data Received from Throttle/Pedal Position Sensor,Invalid Data Received From Suspension Control Module A,0.38,DISAGREE,MEANING: key words differ: OBDex only ['throttle']; Wal33D only ['suspension'],no,no,U041F=Invalid Data Received From Throttle Actuator B Control Module | U0420=Invalid Data Received From Power Steering Control Module A | U0422=Invalid Data Received From Body Control Module | U0423=Invalid Data Received From Instrument Panel Cluster Control Module,U041F=(not selected) | U0420=(not selected) | U0422=(not selected) | U0423=(not selected)
C0021,ABS Pump Motor Circuit Range/Performance,Brake Booster Performance,0.30,DISAGREE,"MEANING: key words differ: OBDex only ['abs', 'motor', 'pump', 'range']; Wal33D only ['brake']",no,no,C001F=? | C0020=ABS Pump Motor Control | C0022=Brake Booster Solenoid | C0023=Stop Lamp Control,C001F=(not selected) | C0020=ABS Pump Motor Circuit | C0022=ABS Pump Motor Circuit Low | C0023=ABS Pump Motor Circuit High
C0022,ABS Pump Motor Circuit Low,Brake Booster Solenoid,0.12,DISAGREE,"MEANING: key words differ: OBDex only ['abs', 'low', 'motor', 'pump']; Wal33D only ['brake']",no,no,C0020=ABS Pump Motor Control | C0021=Brake Booster Performance | C0023=Stop Lamp Control | C0024=Brake Pedal Feedback Pressure Solenoid Circuit,C0020=ABS Pump Motor Circuit | C0021=ABS Pump Motor Circuit Range/Performance | C0023=ABS Pump Motor Circuit High | C0024=(not selected)
C0023,ABS Pump Motor Circuit High,Stop Lamp Control,0.18,DISAGREE,"MEANING: key words differ: OBDex only ['abs', 'high', 'motor', 'pump']; Wal33D only ['lamp']",no,no,C0021=Brake Booster Performance | C0022=Brake Booster Solenoid | C0024=Brake Pedal Feedback Pressure Solenoid Circuit | C0025=Brake Pedal Feedback Pressure Sensor Circuit,C0021=ABS Pump Motor Circuit Range/Performance | C0022=ABS Pump Motor Circuit Low | C0024=(not selected) | C0025=ABS Pump Motor Stalled
C0025,ABS Pump Motor Stalled,Brake Pedal Feedback Pressure Sensor Circuit,0.14,DISAGREE,"MEANING: key words differ: OBDex only ['abs', 'motor', 'pump', 'stalled']; Wal33D only ['brake', 'pedal']",no,no,C0023=Stop Lamp Control | C0024=Brake Pedal Feedback Pressure Solenoid Circuit | C0026=? | C0027=?,C0023=ABS Pump Motor Circuit High | C0024=(not selected) | C0026=(not selected) | C0027=(not selected)
C0110,ABS Pump Motor Circuit Malfunction,,0.00,MISSING,no GENERIC row for this code in the Wal33D database,no,no,C010E=? | C010F=? | C0111=? | C0112=?,C010E=(not selected) | C010F=(not selected) | C0111=ABS Activation Excessively Long | C0112=ABS Activation Frequency Too High
C0111,ABS Activation Excessively Long,,0.00,MISSING,no GENERIC row for this code in the Wal33D database,no,no,C010F=? | C0110=? | C0112=? | C0113=?,C010F=(not selected) | C0110=ABS Pump Motor Circuit Malfunction | C0112=ABS Activation Frequency Too High | C0113=(not selected)
C0112,ABS Activation Frequency Too High,,0.00,MISSING,no GENERIC row for this code in the Wal33D database,no,no,C0110=? | C0111=? | C0113=? | C0114=?,C0110=ABS Pump Motor Circuit Malfunction | C0111=ABS Activation Excessively Long | C0113=(not selected) | C0114=(not selected)
C0030,Left Front Wheel Speed Sensor Circuit Range/Performance,Left Front Tone Wheel,0.51,DISAGREE,"MEANING: key words differ: OBDex only ['performance', 'range', 'speed']; Wal33D only ['tone']",yes,no,C002E=? | C002F=? | C0031=Left Front Wheel Speed Sensor | C0032=Left Front Wheel Speed Sensor Supply,C002E=(not selected) | C002F=(not selected) | C0031=Left Front Wheel Speed Sensor Circuit Low | C0032=Left Front Wheel Speed Sensor Circuit High
C0031,Left Front Wheel Speed Sensor Circuit Low,Left Front Wheel Speed Sensor,0.86,DISAGREE,MEANING: key words differ: OBDex only ['low']; Wal33D only [],yes,no,C002F=? | C0030=Left Front Tone Wheel | C0032=Left Front Wheel Speed Sensor Supply | C0033=Right Front Tone Wheel,C002F=(not selected) | C0030=Left Front Wheel Speed Sensor Circuit Range/Performance | C0032=Left Front Wheel Speed Sensor Circuit High | C0033=Left Front Wheel Speed Sensor Signal Erratic
C0032,Left Front Wheel Speed Sensor Circuit High,Left Front Wheel Speed Sensor Supply,0.73,DISAGREE,MEANING: key words differ: OBDex only ['high']; Wal33D only ['supply'],yes,no,C0030=Left Front Tone Wheel | C0031=Left Front Wheel Speed Sensor | C0033=Right Front Tone Wheel | C0034=Right Front Wheel Speed Sensor,C0030=Left Front Wheel Speed Sensor Circuit Range/Performance | C0031=Left Front Wheel Speed Sensor Circuit Low | C0033=Left Front Wheel Speed Sensor Signal Erratic | C0034=Left Front Wheel Speed Sensor No Signal
C0033,Left Front Wheel Speed Sensor Signal Erratic,Right Front Tone Wheel,0.40,DISAGREE,"MEANING: key words differ: OBDex only ['erratic', 'left', 'signal', 'speed']; Wal33D only ['right', 'tone']",yes,no,C0031=Left Front Wheel Speed Sensor | C0032=Left Front Wheel Speed Sensor Supply | C0034=Right Front Wheel Speed Sensor | C0035=Right Front Wheel Speed Sensor Supply,C0031=Left Front Wheel Speed Sensor Circuit Low | C0032=Left Front Wheel Speed Sensor Circuit High | C0034=Left Front Wheel Speed Sensor No Signal | C0035=Left Front Wheel Speed Sensor Circuit Malfunction
C0034,Left Front Wheel Speed Sensor No Signal,Right Front Wheel Speed Sensor,0.58,DISAGREE,"MEANING: key words differ: OBDex only ['left', 'no', 'signal']; Wal33D only ['right']",yes,no,C0032=Left Front Wheel Speed Sensor Supply | C0033=Right Front Tone Wheel | C0035=Right Front Wheel Speed Sensor Supply | C0036=Left Rear Tone Wheel,C0032=Left Front Wheel Speed Sensor Circuit High | C0033=Left Front Wheel Speed Sensor Signal Erratic | C0035=Left Front Wheel Speed Sensor Circuit Malfunction | C0036=Left Front Wheel Speed Sensor Circuit Intermittent
C0036,Left Front Wheel Speed Sensor Circuit Intermittent,Left Rear Tone Wheel,0.38,DISAGREE,"MEANING: key words differ: OBDex only ['front', 'intermittent', 'speed']; Wal33D only ['rear', 'tone']",yes,no,C0034=Right Front Wheel Speed Sensor | C0035=Right Front Wheel Speed Sensor Supply | C0037=Left Rear Wheel Speed Sensor | C0038=Left Rear Wheel Speed Sensor Supply,C0034=Left Front Wheel Speed Sensor No Signal | C0035=Left Front Wheel Speed Sensor Circuit Malfunction | C0037=Left Rear Wheel Speed Sensor | C0038=Left Rear Wheel Speed Sensor Supply
C0041,Right Front Wheel Speed Sensor Circuit Range/Performance,Brake Pedal Switch B,0.11,DISAGREE,"MEANING: key words differ: OBDex only ['front', 'performance', 'range', 'right', 'speed', 'wheel']; Wal33D only ['b', 'brake', 'pedal']",no,no,C003F=Wheel Speed Sensors Rotation Direction Correlation | C0040=Brake Pedal Switch A | C0042=Brake Pedal Position Sensor Circuit A | C0043=Brake Pedal Position Sensor Circuit B,C003F=Wheel Speed Sensors Rotation Direction Correlation | C0040=Right Front Wheel Speed Sensor Circuit Malfunction | C0042=Right Front Wheel Speed Sensor Circuit Low | C0043=Right Front Wheel Speed Sensor Circuit High
C0042,Right Front Wheel Speed Sensor Circuit Low,Brake Pedal Position Sensor Circuit A,0.06,DISAGREE,"MEANING: key words differ: OBDex only ['front', 'low', 'right', 'speed', 'wheel']; Wal33D only ['brake', 'pedal']",no,no,C0040=Brake Pedal Switch A | C0041=Brake Pedal Switch B | C0043=Brake Pedal Position Sensor Circuit B | C0044=Brake Pressure Sensor A,C0040=Right Front Wheel Speed Sensor Circuit Malfunction | C0041=Right Front Wheel Speed Sensor Circuit Range/Performance | C0043=Right Front Wheel Speed Sensor Circuit High | C0044=Right Front Wheel Speed Sensor Signal Erratic
C0043,Right Front Wheel Speed Sensor Circuit High,Brake Pedal Position Sensor Circuit B,0.06,DISAGREE,"MEANING: key words differ: OBDex only ['front', 'high', 'right', 'speed', 'wheel']; Wal33D only ['b', 'brake', 'pedal']",no,no,C0041=Brake Pedal Switch B | C0042=Brake Pedal Position Sensor Circuit A | C0044=Brake Pressure Sensor A | C0045=Brake Pressure Sensor B,C0041=Right Front Wheel Speed Sensor Circuit Range/Performance | C0042=Right Front Wheel Speed Sensor Circuit Low | C0044=Right Front Wheel Speed Sensor Signal Erratic | C0045=Left Rear Wheel Speed Sensor Circuit Malfunction
C0044,Right Front Wheel Speed Sensor Signal Erratic,Brake Pressure Sensor A,0.12,DISAGREE,"MEANING: key words differ: OBDex only ['erratic', 'front', 'right', 'signal', 'speed', 'wheel']; Wal33D only ['brake']",no,no,C0042=Brake Pedal Position Sensor Circuit A | C0043=Brake Pedal Position Sensor Circuit B | C0045=Brake Pressure Sensor B | C0046=Brake Pressure Sensor A/B,C0042=Right Front Wheel Speed Sensor Circuit Low | C0043=Right Front Wheel Speed Sensor Circuit High | C0045=Left Rear Wheel Speed Sensor Circuit Malfunction | C0046=Right Front Wheel Speed Sensor Circuit Intermittent
C0046,Right Front Wheel Speed Sensor Circuit Intermittent,Brake Pressure Sensor A/B,0.10,DISAGREE,"MEANING: key words differ: OBDex only ['front', 'intermittent', 'right', 'speed', 'wheel']; Wal33D only ['b', 'brake']",no,no,C0044=Brake Pressure Sensor A | C0045=Brake Pressure Sensor B | C0047=Brake Booster Pressure Sensor | C0048=Brake Booster Travel Sensor,C0044=Right Front Wheel Speed Sensor Signal Erratic | C0045=Left Rear Wheel Speed Sensor Circuit Malfunction | C0047=(not selected) | C0048=(not selected)
C0052,Left Rear Wheel Speed Sensor Circuit Low,Steering Wheel Position Sensor Signal A,0.28,DISAGREE,"MEANING: key words differ: OBDex only ['left', 'low', 'rear', 'speed']; Wal33D only ['signal', 'steering']",no,no,C0050=? | C0051=Steering Wheel Position Sensor | C0053=Steering Wheel Position Sensor Signal B | C0054=Steering Wheel Position Sensor Signal C,C0050=Right Rear Wheel Speed Sensor Circuit Malfunction | C0051=(not selected) | C0053=Left Rear Wheel Speed Sensor Circuit High | C0054=Left Rear Wheel Speed Sensor Signal Erratic
C0053,Left Rear Wheel Speed Sensor Circuit High,Steering Wheel Position Sensor Signal B,0.28,DISAGREE,"MEANING: key words differ: OBDex only ['high', 'left', 'rear', 'speed']; Wal33D only ['b', 'signal', 'steering']",no,no,C0051=Steering Wheel Position Sensor | C0052=Steering Wheel Position Sensor Signal A | C0054=Steering Wheel Position Sensor Signal C | C0055=Steering Wheel Position Sensor Signal D,C0051=(not selected) | C0052=Left Rear Wheel Speed Sensor Circuit Low | C0054=Left Rear Wheel Speed Sensor Signal Erratic | C0055=Left Rear Wheel Speed Sensor No Signal
C0054,Left Rear Wheel Speed Sensor Signal Erratic,Steering Wheel Position Sensor Signal C,0.39,DISAGREE,"MEANING: key words differ: OBDex only ['erratic', 'left', 'rear', 'speed']; Wal33D only ['c', 'steering']",no,no,C0052=Steering Wheel Position Sensor Signal A | C0053=Steering Wheel Position Sensor Signal B | C0055=Steering Wheel Position Sensor Signal D | C0056=?,C0052=Left Rear Wheel Speed Sensor Circuit Low | C0053=Left Rear Wheel Speed Sensor Circuit High | C0055=Left Rear Wheel Speed Sensor No Signal | C0056=Left Rear Wheel Speed Sensor Circuit Intermittent
C0055,Left Rear Wheel Speed Sensor No Signal,Steering Wheel Position Sensor Signal D,0.41,DISAGREE,"MEANING: key words differ: OBDex only ['left', 'no', 'rear', 'speed']; Wal33D only ['d', 'steering']",no,no,C0053=Steering Wheel Position Sensor Signal B | C0054=Steering Wheel Position Sensor Signal C | C0056=? | C0057=?,C0053=Left Rear Wheel Speed Sensor Circuit High | C0054=Left Rear Wheel Speed Sensor Signal Erratic | C0056=Left Rear Wheel Speed Sensor Circuit Intermittent | C0057=(not selected)
C0056,Left Rear Wheel Speed Sensor Circuit Intermittent,,0.00,MISSING,no GENERIC row for this code in the Wal33D database,no,no,C0054=Steering Wheel Position Sensor Signal C | C0055=Steering Wheel Position Sensor Signal D | C0057=? | C0058=?,C0054=Left Rear Wheel Speed Sensor Signal Erratic | C0055=Left Rear Wheel Speed Sensor No Signal | C0057=(not selected) | C0058=(not selected)
C0060,Right Rear Wheel Speed Sensor Circuit,,0.00,MISSING,no GENERIC row for this code in the Wal33D database,no,no,C005E=? | C005F=? | C0061=Lateral Acceleration Sensor | C0062=Longitudinal Acceleration Sensor,C005E=(not selected) | C005F=(not selected) | C0061=Right Rear Wheel Speed Sensor Circuit Range/Performance | C0062=Right Rear Wheel Speed Sensor Circuit Low
C0061,Right Rear Wheel Speed Sensor Circuit Range/Performance,Lateral Acceleration Sensor,0.13,DISAGREE,"MEANING: key words differ: OBDex only ['performance', 'range', 'rear', 'right', 'speed', 'wheel']; Wal33D only ['acceleration']",no,no,C005F=? | C0060=? | C0062=Longitudinal Acceleration Sensor | C0063=Yaw Rate Sensor,C005F=(not selected) | C0060=Right Rear Wheel Speed Sensor Circuit | C0062=Right Rear Wheel Speed Sensor Circuit Low | C0063=Right Rear Wheel Speed Sensor Circuit High
C0062,Right Rear Wheel Speed Sensor Circuit Low,Longitudinal Acceleration Sensor,0.08,DISAGREE,"MEANING: key words differ: OBDex only ['low', 'rear', 'right', 'speed', 'wheel']; Wal33D only ['acceleration']",no,no,C0060=? | C0061=Lateral Acceleration Sensor | C0063=Yaw Rate Sensor | C0064=Roll Rate Sensor,C0060=Right Rear Wheel Speed Sensor Circuit | C0061=Right Rear Wheel Speed Sensor Circuit Range/Performance | C0063=Right Rear Wheel Speed Sensor Circuit High | C0064=Right Rear Wheel Speed Sensor Signal Erratic
C0063,Right Rear Wheel Speed Sensor Circuit High,Yaw Rate Sensor,0.09,DISAGREE,"MEANING: key words differ: OBDex only ['high', 'rear', 'right', 'speed', 'wheel']; Wal33D only ['yaw']",no,no,C0061=Lateral Acceleration Sensor | C0062=Longitudinal Acceleration Sensor | C0064=Roll Rate Sensor | C0065=Vertical Acceleration Sensor,C0061=Right Rear Wheel Speed Sensor Circuit Range/Performance | C0062=Right Rear Wheel Speed Sensor Circuit Low | C0064=Right Rear Wheel Speed Sensor Signal Erratic | C0065=Right Rear Wheel Speed Sensor No Signal
C0064,Right Rear Wheel Speed Sensor Signal Erratic,Roll Rate Sensor,0.15,DISAGREE,"MEANING: key words differ: OBDex only ['erratic', 'rear', 'right', 'signal', 'speed', 'wheel']; Wal33D only []",no,no,C0062=Longitudinal Acceleration Sensor | C0063=Yaw Rate Sensor | C0065=Vertical Acceleration Sensor | C0066=?,C0062=Right Rear Wheel Speed Sensor Circuit Low | C0063=Right Rear Wheel Speed Sensor Circuit High | C0065=Right Rear Wheel Speed Sensor No Signal | C0066=Right Rear Wheel Speed Sensor Circuit Intermittent
C0065,Right Rear Wheel Speed Sensor No Signal,Vertical Acceleration Sensor,0.11,DISAGREE,"MEANING: key words differ: OBDex only ['no', 'rear', 'right', 'signal', 'speed', 'wheel']; Wal33D only ['acceleration']",no,no,C0063=Yaw Rate Sensor | C0064=Roll Rate Sensor | C0066=? | C0067=?,C0063=Right Rear Wheel Speed Sensor Circuit High | C0064=Right Rear Wheel Speed Sensor Signal Erratic | C0066=Right Rear Wheel Speed Sensor Circuit Intermittent | C0067=(not selected)
C0066,Right Rear Wheel Speed Sensor Circuit Intermittent,,0.00,MISSING,no GENERIC row for this code in the Wal33D database,no,no,C0064=Roll Rate Sensor | C0065=Vertical Acceleration Sensor | C0067=? | C0068=?,C0064=Right Rear Wheel Speed Sensor Signal Erratic | C0065=Right Rear Wheel Speed Sensor No Signal | C0067=(not selected) | C0068=(not selected)
C0080,Wheel Speed Mismatch (Front Axle),,0.00,MISSING,no GENERIC row for this code in the Wal33D database,no,no,C007E=? | C007F=? | C0081=ABS Malfunction Indicator | C0082=Brake System Malfunction Indicator,C007E=(not selected) | C007F=(not selected) | C0081=Wheel Speed Mismatch (Rear Axle) | C0082=(not selected)
C0081,Wheel Speed Mismatch (Rear Axle),ABS Malfunction Indicator,0.14,DISAGREE,"MEANING: key words differ: OBDex only ['mismatch', 'rear', 'speed', 'wheel']; Wal33D only ['abs']",no,no,C007F=? | C0080=? | C0082=Brake System Malfunction Indicator | C0083=Tire Pressure Monitor Malfunction Indicator,C007F=(not selected) | C0080=Wheel Speed Mismatch (Front Axle) | C0082=(not selected) | C0083=(not selected)
C0234,Wheel Speed Sensor Frequency Error,,0.00,MISSING,no GENERIC row for this code in the Wal33D database,no,no,C0232=? | C0233=? | C0235=? | C0236=?,C0232=(not selected) | C0233=(not selected) | C0235=Wheel Speed Sensor Signal Erratic | C0236=(not selected)
C0235,Wheel Speed Sensor Signal Erratic,,0.00,MISSING,no GENERIC row for this code in the Wal33D database,no,no,C0233=? | C0234=? | C0236=? | C0237=?,C0233=(not selected) | C0234=Wheel Speed Sensor Frequency Error | C0236=(not selected) | C0237=(not selected)
C0238,Speed Wheel-to-Wheel Mismatch,,0.00,MISSING,no GENERIC row for this code in the Wal33D database,no,no,C0236=? | C0237=? | C0239=? | C023A=?,C0236=(not selected) | C0237=(not selected) | C0239=(not selected) | C023A=(not selected)
C0245,Wheel Speed Sensor Frequency Mismatch,,0.00,MISSING,no GENERIC row for this code in the Wal33D database,no,no,C0243=? | C0244=? | C0246=? | C0247=?,C0243=(not selected) | C0244=(not selected) | C0246=ABS/TCS Control Module Internal Performance | C0247=(not selected)
C0220,ABS Valve Block Supply Voltage,,0.00,MISSING,no GENERIC row for this code in the Wal33D database,no,no,C021E=? | C021F=? | C0221=? | C0222=?,C021E=(not selected) | C021F=(not selected) | C0221=(not selected) | C0222=(not selected)
C0246,ABS/TCS Control Module Internal Performance,,0.00,MISSING,no GENERIC row for this code in the Wal33D database,no,no,C0244=? | C0245=? | C0247=? | C0248=?,C0244=(not selected) | C0245=Wheel Speed Sensor Frequency Mismatch | C0247=(not selected) | C0248=(not selected)
C0121,Valve Relay Circuit Malfunction,,0.00,MISSING,no GENERIC row for this code in the Wal33D database,no,no,C011F=? | C0120=? | C0122=? | C0123=?,C011F=(not selected) | C0120=(not selected) | C0122=(not selected) | C0123=(not selected)
C0225,ABS Valve Relay Circuit,,0.00,MISSING,no GENERIC row for this code in the Wal33D database,no,no,C0223=? | C0224=? | C0226=? | C0227=?,C0223=(not selected) | C0224=(not selected) | C0226=(not selected) | C0227=(not selected)
C0241,ABS Warning Lamp Control Circuit,,0.00,MISSING,no GENERIC row for this code in the Wal33D database,no,no,C023F=? | C0240=? | C0242=? | C0243=?,C023F=(not selected) | C0240=(not selected) | C0242=PCM Indicated ABS Malfunction | C0243=(not selected)
C0242,PCM Indicated ABS Malfunction,,0.00,MISSING,no GENERIC row for this code in the Wal33D database,no,no,C0240=? | C0241=? | C0243=? | C0244=?,C0240=(not selected) | C0241=ABS Warning Lamp Control Circuit | C0243=(not selected) | C0244=(not selected)
