code,obdex_title,prev2_code,prev2_title,prev1_code,prev1_title,next1_code,next1_title,next2_code,next2_title,why_held_back,reviewer_view_of_obdex_title,best_guess_standard_title_UNVERIFIED,guess_confidence,basis_for_guess
C0030,Left Front Wheel Speed Sensor Circuit Range/Performance,C0024,Brake Pedal Feedback Pressure Solenoid Circuit,C0025,ABS Pump Motor Stalled,C0031,Left Front Wheel Speed Sensor Circuit Low,C0032,Left Front Wheel Speed Sensor Circuit High,"Wheel speed circuit titles C0030 to C0036 mix 'Range/Performance', 'Low', 'High', 'Signal Erratic' and 'No Signal' in a pattern that does not match C0040 to C0066; the wheel and failure type cannot be reconciled with the neighbouring codes.",probably correct,UNVERIFIED: Left Front Wheel Speed Sensor Circuit Range/Performance,medium,"OBDex titles for the left front wheel (C0030 to C0036) follow the same seven-slot template as right front (C0040 to C0046), left rear (C0045, C0052 to C0056) and right rear (C0050, C0060 to C0066): circuit malfunction, range/performance, low, high, signal erratic, no signal, intermittent. Seen that way the block looks consistent, and the earlier 'pattern does not match' reason is weak. Probably releasable if sources agree. A bike has one front and one rear sensor, so the rider entry would say 'front wheel'."
C0031,Left Front Wheel Speed Sensor Circuit Low,C0025,ABS Pump Motor Stalled,C0030,Left Front Wheel Speed Sensor Circuit Range/Performance,C0032,Left Front Wheel Speed Sensor Circuit High,C0033,Left Front Wheel Speed Sensor Signal Erratic,See C0030.,probably correct,UNVERIFIED: Left Front Wheel Speed Sensor Circuit Low,medium,Same template argument as C0030.
C0032,Left Front Wheel Speed Sensor Circuit High,C0030,Left Front Wheel Speed Sensor Circuit Range/Performance,C0031,Left Front Wheel Speed Sensor Circuit Low,C0033,Left Front Wheel Speed Sensor Signal Erratic,C0034,Left Front Wheel Speed Sensor No Signal,See C0030.,probably correct,UNVERIFIED: Left Front Wheel Speed Sensor Circuit High,medium,Same template argument as C0030.
C0033,Left Front Wheel Speed Sensor Signal Erratic,C0031,Left Front Wheel Speed Sensor Circuit Low,C0032,Left Front Wheel Speed Sensor Circuit High,C0034,Left Front Wheel Speed Sensor No Signal,C0035,Left Front Wheel Speed Sensor Circuit Malfunction,See C0030.,probably correct,UNVERIFIED: Left Front Wheel Speed Sensor Signal Erratic,medium,Same template argument as C0030.
C0034,Left Front Wheel Speed Sensor No Signal,C0032,Left Front Wheel Speed Sensor Circuit High,C0033,Left Front Wheel Speed Sensor Signal Erratic,C0035,Left Front Wheel Speed Sensor Circuit Malfunction,C0036,Left Front Wheel Speed Sensor Circuit Intermittent,See C0030.,probably correct,UNVERIFIED: Left Front Wheel Speed Sensor No Signal,medium,Same template argument as C0030.
C0036,Left Front Wheel Speed Sensor Circuit Intermittent,C0034,Left Front Wheel Speed Sensor No Signal,C0035,Left Front Wheel Speed Sensor Circuit Malfunction,C0037,Left Rear Wheel Speed Sensor,C0038,Left Rear Wheel Speed Sensor Supply,See C0030.,probably correct,UNVERIFIED: Left Front Wheel Speed Sensor Circuit Intermittent,medium,Same template argument as C0030; C0035 (circuit malfunction) is already written and sits in the middle of this block.
C0037,Left Rear Wheel Speed Sensor,C0035,Left Front Wheel Speed Sensor Circuit Malfunction,C0036,Left Front Wheel Speed Sensor Circuit Intermittent,C0038,Left Rear Wheel Speed Sensor Supply,C0039,Right Rear Tone Wheel,"Wheel speed titles C0037 to C003F do not follow the C0031 to C0066 pattern (no failure type, 'Supply', 'Tone Wheel' for C003C); the wheel and the failure type cannot be reconciled.",unclear,UNVERIFIED: UNSURE: a left rear wheel speed sensor code with no failure type (perhaps 'Left Rear Wheel Speed Sensor Circuit'),low,"Titles C0037 to C003F name a wheel or the rear axle but no failure type, then 'Supply'. They look like a newer series with generic 'sensor' and 'supply' codes. No pattern in the file settles the real titles."
C0038,Left Rear Wheel Speed Sensor Supply,C0036,Left Front Wheel Speed Sensor Circuit Intermittent,C0037,Left Rear Wheel Speed Sensor,C0039,Right Rear Tone Wheel,C003A,Right Rear Wheel Speed Sensor,See C0037.,unclear,UNVERIFIED: UNSURE: probably 'Left Rear Wheel Speed Sensor Supply Circuit' (sensor supply voltage),low,Pairs with C0037 as sensor and supply.
C003A,Right Rear Wheel Speed Sensor,C0038,Left Rear Wheel Speed Sensor Supply,C0039,Right Rear Tone Wheel,C003B,Right Rear Wheel Speed Sensor Supply,C003C,Rear Tone Wheel,See C0037.,unclear,UNVERIFIED: UNSURE: a right rear wheel speed sensor code with no failure type,low,Pairs with C0037 for the other rear wheel.
C003B,Right Rear Wheel Speed Sensor Supply,C0039,Right Rear Tone Wheel,C003A,Right Rear Wheel Speed Sensor,C003C,Rear Tone Wheel,C003D,Rear Wheel Speed Sensor,See C0037.,unclear,UNVERIFIED: UNSURE: probably 'Right Rear Wheel Speed Sensor Supply Circuit',low,Pairs with C003A.
C003C,Rear Tone Wheel,C003A,Right Rear Wheel Speed Sensor,C003B,Right Rear Wheel Speed Sensor Supply,C003D,Rear Wheel Speed Sensor,C003E,Rear Wheel Speed Sensor Supply,See C0037.,unclear,"UNVERIFIED: UNSURE: a rear tone wheel (toothed ring) fault, probably 'Rear Tone Wheel Performance'",low,"OBDex also has C0039 'Right Rear Tone Wheel', which is NOT in the selection although C003C is. Check both together."
C003D,Rear Wheel Speed Sensor,C003B,Right Rear Wheel Speed Sensor Supply,C003C,Rear Tone Wheel,C003E,Rear Wheel Speed Sensor Supply,C003F,Wheel Speed Sensors Rotation Direction Correlation,See C0037.,unclear,UNVERIFIED: UNSURE: a rear wheel speed sensor code with no failure type,low,Same series as C0037 and C003A but for the rear axle as a whole; the only one a bike with one rear sensor would use.
C003E,Rear Wheel Speed Sensor Supply,C003C,Rear Tone Wheel,C003D,Rear Wheel Speed Sensor,C003F,Wheel Speed Sensors Rotation Direction Correlation,C0040,Right Front Wheel Speed Sensor Circuit Malfunction,See C0037.,unclear,UNVERIFIED: UNSURE: probably 'Rear Wheel Speed Sensor Supply Circuit',low,Pairs with C003D.
C003F,Wheel Speed Sensors Rotation Direction Correlation,C003D,Rear Wheel Speed Sensor,C003E,Rear Wheel Speed Sensor Supply,C0040,Right Front Wheel Speed Sensor Circuit Malfunction,C0041,Right Front Wheel Speed Sensor Circuit Range/Performance,See C0037.,unclear,UNVERIFIED: UNSURE: a correlation fault between wheel speed sensors (rotation direction),low,Title is plausible as written but it is a multi-sensor correlation code; most small bikes do not have direction-sensing wheel sensors.
P0134,O2 Sensor Circuit No Activity / Slow Response (Bank 1 Sensor 1),P0132,"O2 Sensor Circuit High Voltage (Bank 1, Sensor 1)",P0133,"O2 Sensor Slow Response (Bank 1, Sensor 1)",P0135,"O2 Sensor Heater Circuit Malfunction (Bank 1, Sensor 1)",P0136,"O2 Sensor Circuit Malfunction (Bank 1, Sensor 2)",Title mixes 'No Activity' with 'Slow Response'; P0133 is already slow response and the standard meaning of P0134 is no activity detected. Check before writing.,probably wrong,UNVERIFIED: O2 Sensor Circuit No Activity Detected (Bank 1 Sensor 1),high,"OBDex joins two meanings with a slash. P0133 is already slow response, P0135 is the heater, so 'no activity' is the free slot. Same pattern as P0140 for sensor 2."
P0140,O2 Sensor Circuit No Activity / Slow Response (Bank 1 Sensor 2),P013E,O2 Sensor Delayed Response - Rich to Lean Bank 1 Sensor 2,P013F,O2 Sensor Delayed Response - Lean to Rich Bank 1 Sensor 2,P0141,"O2 Sensor Heater Circuit Malfunction (Bank 1, Sensor 2)",P0142,O2 Sensor Heater Circuit Malfunction (Bank 1 Sensor 2),Same 'No Activity / Slow Response' mix as P0134 (sensor 2).,probably wrong,UNVERIFIED: O2 Sensor Circuit No Activity Detected (Bank 1 Sensor 2),high,Same reasoning as P0134; P013E and P013F (delayed response) and P0141 (heater) fill the other slots of the sensor 2 block.
P0141,"O2 Sensor Heater Circuit Malfunction (Bank 1, Sensor 2)",P013F,O2 Sensor Delayed Response - Lean to Rich Bank 1 Sensor 2,P0140,O2 Sensor Circuit No Activity / Slow Response (Bank 1 Sensor 2),P0142,O2 Sensor Heater Circuit Malfunction (Bank 1 Sensor 2),P0143,O2 Sensor Circuit Malfunction (Bank 1 Sensor 3),duplicate title: same title as P0142: O2 Sensor Heater Circuit Malfunction (Bank 1 Sensor 2),probably correct (false alarm),UNVERIFIED: O2 Sensor Heater Circuit Malfunction (Bank 1 Sensor 2),medium-high,"Probably a FALSE ALARM: the OBDex title for P0141 looks right (heater, sensor 2, after P0140 no activity). The duplicate comes from P0142, which carries the same title but should be sensor 3 (P0143 then shifts by one). P0142 is outside the selection. If the owner's sources confirm, release P0141 for writing."
P033F,Crankshaft/Camshaft Loss Of Synchronization,P033D,Knock/Combustion Vibration Sensor D Circuit High,P033E,Knock/Combustion Vibration Sensor D Circuit Intermittent,P0340,"Camshaft Position Sensor ""A"" Circuit (Bank 1 or Single Sensor)",P0341,"Camshaft Position Sensor ""A"" Circuit Range/Performance (Bank 1)",Not a clear standard title; cannot be reconciled with P0335 to P0339.,unclear,UNVERIFIED: NO RELIABLE GUESS,none,"The OBDex title is a crankshaft/camshaft synchronisation fault, which belongs with the correlation codes near P0016 to P0019, not between knock sensor D (P033A to P033E) and camshaft A (P0340). The real P033F title is not known to this reviewer; do not write an entry until it is checked."
P2110,Throttle Actuator Control System — Forced Limited RPM,P210E,Throttle/Pedal Position Sensor/Switch C/F Voltage Correlation,P210F,Throttle Actuator B Control System - Forced Limited RPM,P2111,Throttle Actuator Control System — Stuck Open,P2112,Throttle Actuator Control System — Stuck Closed,duplicate title: same title as P2113: Throttle Actuator Control System Forced Limited RPM,probably correct (false alarm),UNVERIFIED: Throttle Actuator Control System - Forced Limited RPM,medium-high,"Probably a FALSE ALARM for P2110 itself: P2111 stuck open and P2112 stuck closed follow it. The duplicate is P2113 (same text, no dash), which is probably a different code; P2114 and P2115 (a repeat of P2109) also look shifted. P2113 is not selected."
P2230,Barometric Pressure Circuit Low,P222E,Barometric Pressure Sensor B Circuit Intermittent/Erratic,P222F,Barometric Pressure Sensor A/B Correlation,P2231,Barometric Pressure Circuit High,P2232,O2 Sensor Signal Circuit Shorted to Heater Circuit (Bank 1 Sensor 2),Same wording as P2228 (Barometric Pressure Circuit Low); the standard pattern expects intermittent or erratic here.,probably wrong,UNVERIFIED: Barometric Pressure Circuit Intermittent/Erratic,medium-high,"The block P2226 circuit, P2227 range, P2228 low, P2229 high expects intermittent/erratic next, as the sensor B block does at P222E. P2231 'High' is probably also wrong (P2232 and P2233 are O2 signal shorted to heater B1S2 and B1S3, so P2231 would be B1S1)."
U0167,Lost Communication with Vehicle Immobiliser Control Module,U0165,Lost Communication with Auxiliary HVAC Control Module,U0166,Lost Communication with Auxiliary Heater Control Module,U0168,Lost Communication with Vehicle Immobilizer Control Module,U0169,Lost Communication with Sun Roof Control Module,duplicate title: same title as U0168: Lost Communication with Vehicle Immobilizer Control Module,probably correct (false alarm),UNVERIFIED: Lost Communication With Vehicle Immobilizer Control Module,medium-high,"Probably a FALSE ALARM for U0167: the OBDex title looks right. The duplicate is U0168, which should be a different module (see U0168). Keep British 'immobiliser' in the rider text."
U0168,Lost Communication with Vehicle Immobilizer Control Module,U0166,Lost Communication with Auxiliary Heater Control Module,U0167,Lost Communication with Vehicle Immobiliser Control Module,U0169,Lost Communication with Sun Roof Control Module,U016A,Lost Communication With Global Positioning System Module,Same wording as U0167 (immobilizer) with only the spelling changed; the standard U0168 is the vehicle security control module.,probably wrong,UNVERIFIED: Lost Communication With Vehicle Security Control Module,medium,"U0167 already is the immobiliser module, so U0168 is probably the security control module, as the earlier author also noted."
