code,OBDex title,Wal33D title,difference type,proposed position-neutral or semantic title,confidence,evidence and note,already written in the seed
P0351,"Ignition Coil ""A"" Primary/Secondary Circuit Malfunction (Cylinder 1)",Ignition Coil A Primary Control Circuit/Open,WORDING,Ignition Coil A Primary/Secondary Circuit Malfunction,high,"Same coil circuit; the OBDex form is the older wording, Wal33D the newer. Owner already verified; entry stays.",yes
P0352,"Ignition Coil ""B"" Primary/Secondary Circuit Malfunction (Cylinder 2)",Ignition Coil B Primary Control Circuit/Open,WORDING,Ignition Coil B Primary/Secondary Circuit Malfunction,high,"As P0351 (coil B, cylinder 2, twin only). Owner already verified; entry stays.",yes
P0505,Idle Air Control System Malfunction,Idle Control System,WORDING,Idle Control System Malfunction,high,"Same system, shorter wording in Wal33D. Owner already verified; entry stays.",yes
C0035,Left Front Wheel Speed Sensor Circuit Malfunction,Right Front Wheel Speed Sensor Supply,NUMBERING,Wheel Speed Sensor Circuit Malfunction,low,"OBDex title (left front circuit malfunction) is the same fault as Wal33D C0031 (left front wheel speed sensor). Wal33D C0035 is ""right front wheel speed sensor supply"". So the sources do NOT both say circuit: Wal33D says supply, and the wheel differs. A position-neutral title is only safe if the owner confirms the edition.",yes
P0134,O2 Sensor Circuit No Activity / Slow Response (Bank 1 Sensor 1),O2 Sensor Circuit No Activity Detected Bank 1 Sensor 1,WORDING,O2 Sensor Circuit No Activity Detected (Bank 1 Sensor 1),medium,"OBDex adds ""/ Slow Response"", but P0133 is the slow response code in both sources, so the OBDex title looks merged. No-activity reading is the safer meaning.",no
P0325,Knock Sensor 1 Circuit Malfunction (Bank 1),Knock/Combustion Vibration Sensor A Circuit,WORDING,Knock Sensor 1 Circuit Malfunction (Bank 1 or Single Sensor),high,Same sensor; Wal33D calls it knock/combustion vibration sensor A. Owner already verified; entry stays.,yes
P0327,Knock Sensor 1 Circuit Low Input (Bank 1),Knock/Combustion Vibration Sensor A Circuit Low,WORDING,Knock Sensor 1 Circuit Low Input (Bank 1 or Single Sensor),high,As P0325. Owner already verified; entry stays.,yes
P0328,Knock Sensor 1 Circuit High Input (Bank 1),Knock/Combustion Vibration Sensor A Circuit High,WORDING,Knock Sensor 1 Circuit High Input (Bank 1 or Single Sensor),high,As P0325. Owner already verified; entry stays.,yes
P0446,Evaporative Emission Vent Control Circuit Malfunction,EVAP System Vent Control Circuit,WORDING,Evaporative Emission System Vent Control Circuit,high,Same vent control circuit; neighbours P0447 and P0448 agree between the sources.,no
P0449,Evaporative Emission System Vent Valve/Solenoid Circuit Malfunction,EVAP System Vent Valve Control Circuit/Open,WORDING,Evaporative Emission System Vent Valve/Solenoid Circuit,medium,"Same vent valve circuit; Wal33D adds ""Open"", which P0447 already uses in both sources, so check the failure kind.",no
P0421,Warm Up Catalyst Efficiency Below Threshold (Bank 1),Catalyst 1 Efficiency Below Threshold Bank 1,DIFFERENT_FAULT,,low,"OBDex: warm-up catalyst. Wal33D: ""Catalyst 1"" (P0422 is ""Catalyst 2""). May be the same catalyst under a new naming scheme, but that is a guess. Not a small-bike code; low priority.",no
P2119,Throttle Closed Position Performance,Throttle Actuator A Control Throttle Body Range/Performance,DIFFERENT_FAULT,,low,OBDex: throttle closed position performance. Wal33D: throttle body range/performance. Different fault names; P2109 already covers the minimum stop.,no
C0040,Right Front Wheel Speed Sensor Circuit Malfunction,Brake Pedal Switch A,NUMBERING,Wheel Speed Sensor Circuit Malfunction,low,"OBDex title (right front circuit malfunction) equals Wal33D C0034 (right front wheel speed sensor). Wal33D C0040 is ""brake pedal switch A"". Do not write until the edition is confirmed: under the newer edition this is a brake pedal code.",no
C0045,Left Rear Wheel Speed Sensor Circuit Malfunction,Brake Pressure Sensor B,NUMBERING,Wheel Speed Sensor Circuit Malfunction,low,"OBDex title (left rear circuit malfunction) equals Wal33D C0037, and OBDex itself also lists the same fault at C0037, so OBDex holds one fault under two numbers (two editions mixed). Wal33D C0045 is ""brake pressure sensor B"".",no
C0050,Right Rear Wheel Speed Sensor Circuit Malfunction,,NUMBERING,Wheel Speed Sensor Circuit Malfunction,low,"OBDex title (right rear circuit malfunction) equals Wal33D C003A, and OBDex also lists it at C003A. Wal33D has no generic row for C0050.",no
C0099,ABS Control Module Internal Fault,4WD/AWD Rear Differential Unit Actuator A Position Sensor A,DIFFERENT_FAULT,,low,OBDex: ABS control module internal fault. Wal33D: a 4WD rear differential position sensor. Car-only in Wal33D.,no
P2230,Barometric Pressure Circuit Low,Barometric Pressure Sensor A Circuit Intermittent/Erratic,DIFFERENT_FAULT,,medium,"OBDex repeats ""Barometric Pressure Circuit Low"" (the title of P2228). Wal33D says intermittent/erratic, which fits the P2227 to P2230 sequence (range, low, high, intermittent). Likely an OBDex duplicate.",no
P0140,O2 Sensor Circuit No Activity / Slow Response (Bank 1 Sensor 2),O2 Sensor Circuit No Activity Detected Bank 1 Sensor 2,WORDING,O2 Sensor Circuit No Activity Detected (Bank 1 Sensor 2),medium,As P0134 for the downstream sensor (P0136 to P0139 neighbours agree between the sources).,no
U0168,Lost Communication with Vehicle Immobilizer Control Module,Lost Communication With Vehicle Security Control Module,DIFFERENT_FAULT,,medium,OBDex repeats the immobiliser title of U0167 (spelled with z). Wal33D says vehicle security control module. Likely an OBDex duplicate.,no
P0418,"Secondary Air Injection System Relay ""A"" Circuit Malfunction",AIR System Control A Circuit,WORDING,Secondary Air Injection System Relay A Circuit,medium,Same relay or control circuit A named in different words; Wal33D drops the word relay.,no
U0327,Software Incompatibility with Powertrain Control Module,Software Incompatibility With Vehicle Security Control Module,DIFFERENT_FAULT,,medium,"OBDex says powertrain control module (that is U0301). Wal33D says vehicle security control module, which follows U0326 (immobiliser). Likely an OBDex error.",no
U0408,Invalid Data Received from Vehicle Immobilizer Control Module,Invalid Data Received From Throttle Actuator A Control Module,DIFFERENT_FAULT,,low,OBDex: immobiliser control module. Wal33D: throttle actuator A control module. No block pattern explains it.,no
U0421,Invalid Data Received from Throttle/Pedal Position Sensor,Invalid Data Received From Suspension Control Module A,DIFFERENT_FAULT,,low,OBDex: throttle/pedal position sensor. Wal33D: suspension control module A. No block pattern explains it.,no
C0021,ABS Pump Motor Circuit Range/Performance,Brake Booster Performance,DIFFERENT_FAULT,,medium,"OBDex: ABS pump motor circuit range/performance. Wal33D: brake booster performance. Wal33D C0020 (pump motor control) agrees with OBDex, so the two sources split after C0020.",no
C0022,ABS Pump Motor Circuit Low,Brake Booster Solenoid,DIFFERENT_FAULT,,medium,OBDex: ABS pump motor circuit low. Wal33D: brake booster solenoid.,no
C0023,ABS Pump Motor Circuit High,Stop Lamp Control,DIFFERENT_FAULT,,medium,OBDex: ABS pump motor circuit high. Wal33D: stop lamp control.,no
C0025,ABS Pump Motor Stalled,Brake Pedal Feedback Pressure Sensor Circuit,DIFFERENT_FAULT,,medium,OBDex: ABS pump motor stalled. Wal33D: brake pedal feedback pressure sensor circuit.,no
C0110,ABS Pump Motor Circuit Malfunction,,NO_SECOND_SOURCE,,low,"Wal33D has no generic row for this code, so there is nothing to compare. One public lookup decides it; do not write an entry before that.",no
C0111,ABS Activation Excessively Long,,NO_SECOND_SOURCE,,low,"Wal33D has no generic row for this code, so there is nothing to compare. One public lookup decides it; do not write an entry before that.",no
C0112,ABS Activation Frequency Too High,,NO_SECOND_SOURCE,,low,"Wal33D has no generic row for this code, so there is nothing to compare. One public lookup decides it; do not write an entry before that.",no
C0030,Left Front Wheel Speed Sensor Circuit Range/Performance,Left Front Tone Wheel,DIFFERENT_FAULT,,medium,"Old seven-code left front series in OBDex (range, low, high, erratic, no signal, malfunction, intermittent). Wal33D has three codes per wheel (tone wheel, sensor, supply): here the left front tone wheel. Two editions of the standard, unverified.",no
C0031,Left Front Wheel Speed Sensor Circuit Low,Left Front Wheel Speed Sensor,DIFFERENT_FAULT,,medium,"Same wheel, but OBDex says circuit low and Wal33D says plain wheel speed sensor. Two editions, unverified.",no
C0032,Left Front Wheel Speed Sensor Circuit High,Left Front Wheel Speed Sensor Supply,DIFFERENT_FAULT,,medium,"Same wheel, OBDex circuit high versus Wal33D sensor supply. Two editions, unverified.",no
C0033,Left Front Wheel Speed Sensor Signal Erratic,Right Front Tone Wheel,DIFFERENT_FAULT,,medium,"OBDex: left front signal erratic. Wal33D: right front tone wheel. Wal33D follows the three-per-wheel layout (C0033 right front tone wheel, C0034 right front sensor, C0035 right front supply).",no
C0034,Left Front Wheel Speed Sensor No Signal,Right Front Wheel Speed Sensor,DIFFERENT_FAULT,,medium,OBDex: left front no signal. Wal33D: right front wheel speed sensor. Three-per-wheel layout in Wal33D.,no
C0036,Left Front Wheel Speed Sensor Circuit Intermittent,Left Rear Tone Wheel,DIFFERENT_FAULT,,medium,"OBDex: left front circuit intermittent. Wal33D: left rear tone wheel. Three-per-wheel layout in Wal33D (C0037 left rear sensor, C0038 left rear supply agree with OBDex).",no
C0041,Right Front Wheel Speed Sensor Circuit Range/Performance,Brake Pedal Switch B,DIFFERENT_FAULT,,medium,OBDex: right front circuit range/performance. Wal33D: brake pedal switch B (Wal33D C0040 to C0046 is a brake pedal and pressure block).,no
C0042,Right Front Wheel Speed Sensor Circuit Low,Brake Pedal Position Sensor Circuit A,DIFFERENT_FAULT,,medium,OBDex: right front circuit low. Wal33D: brake pedal position sensor circuit A.,no
C0043,Right Front Wheel Speed Sensor Circuit High,Brake Pedal Position Sensor Circuit B,DIFFERENT_FAULT,,medium,OBDex: right front circuit high. Wal33D: brake pedal position sensor circuit B.,no
C0044,Right Front Wheel Speed Sensor Signal Erratic,Brake Pressure Sensor A,DIFFERENT_FAULT,,medium,OBDex: right front signal erratic. Wal33D: brake pressure sensor A.,no
C0046,Right Front Wheel Speed Sensor Circuit Intermittent,Brake Pressure Sensor A/B,DIFFERENT_FAULT,,medium,OBDex: right front circuit intermittent. Wal33D: brake pressure sensor A/B.,no
C0052,Left Rear Wheel Speed Sensor Circuit Low,Steering Wheel Position Sensor Signal A,DIFFERENT_FAULT,,medium,OBDex: left rear circuit low. Wal33D: steering wheel position sensor signal A (a steering block). A bike has no such sensor.,no
C0053,Left Rear Wheel Speed Sensor Circuit High,Steering Wheel Position Sensor Signal B,DIFFERENT_FAULT,,medium,OBDex: left rear circuit high. Wal33D: steering wheel position sensor signal B.,no
C0054,Left Rear Wheel Speed Sensor Signal Erratic,Steering Wheel Position Sensor Signal C,DIFFERENT_FAULT,,medium,OBDex: left rear signal erratic. Wal33D: steering wheel position sensor signal C.,no
C0055,Left Rear Wheel Speed Sensor No Signal,Steering Wheel Position Sensor Signal D,DIFFERENT_FAULT,,medium,OBDex: left rear no signal. Wal33D: steering wheel position sensor signal D.,no
C0056,Left Rear Wheel Speed Sensor Circuit Intermittent,,NO_SECOND_SOURCE,,low,"Wal33D has no generic row for this code, so there is nothing to compare. One public lookup decides it; do not write an entry before that.",no
C0060,Right Rear Wheel Speed Sensor Circuit,,NO_SECOND_SOURCE,,low,"Wal33D has no generic row for this code, so there is nothing to compare. One public lookup decides it; do not write an entry before that.",no
C0061,Right Rear Wheel Speed Sensor Circuit Range/Performance,Lateral Acceleration Sensor,DIFFERENT_FAULT,,medium,OBDex: right rear circuit range/performance. Wal33D: lateral acceleration sensor (a vehicle dynamics block).,no
C0062,Right Rear Wheel Speed Sensor Circuit Low,Longitudinal Acceleration Sensor,DIFFERENT_FAULT,,medium,OBDex: right rear circuit low. Wal33D: longitudinal acceleration sensor.,no
C0063,Right Rear Wheel Speed Sensor Circuit High,Yaw Rate Sensor,DIFFERENT_FAULT,,medium,OBDex: right rear circuit high. Wal33D: yaw rate sensor.,no
C0064,Right Rear Wheel Speed Sensor Signal Erratic,Roll Rate Sensor,DIFFERENT_FAULT,,medium,OBDex: right rear signal erratic. Wal33D: roll rate sensor.,no
C0065,Right Rear Wheel Speed Sensor No Signal,Vertical Acceleration Sensor,DIFFERENT_FAULT,,medium,OBDex: right rear no signal. Wal33D: vertical acceleration sensor.,no
C0066,Right Rear Wheel Speed Sensor Circuit Intermittent,,NO_SECOND_SOURCE,,low,"Wal33D has no generic row for this code, so there is nothing to compare. One public lookup decides it; do not write an entry before that.",no
C0080,Wheel Speed Mismatch (Front Axle),,NO_SECOND_SOURCE,,low,"Wal33D has no generic row for this code, so there is nothing to compare. One public lookup decides it; do not write an entry before that.",no
C0081,Wheel Speed Mismatch (Rear Axle),ABS Malfunction Indicator,DIFFERENT_FAULT,,low,OBDex: wheel speed mismatch (rear axle). Wal33D: ABS malfunction indicator. A bike has no axle pair.,no
C0234,Wheel Speed Sensor Frequency Error,,NO_SECOND_SOURCE,,low,"Wal33D has no generic row for this code, so there is nothing to compare. One public lookup decides it; do not write an entry before that.",no
C0235,Wheel Speed Sensor Signal Erratic,,NO_SECOND_SOURCE,,low,"Wal33D has no generic row for this code, so there is nothing to compare. One public lookup decides it; do not write an entry before that.",no
C0238,Speed Wheel-to-Wheel Mismatch,,NO_SECOND_SOURCE,,low,"Wal33D has no generic row for this code, so there is nothing to compare. One public lookup decides it; do not write an entry before that.",no
C0245,Wheel Speed Sensor Frequency Mismatch,,NO_SECOND_SOURCE,,low,"Wal33D has no generic row for this code, so there is nothing to compare. One public lookup decides it; do not write an entry before that.",no
C0220,ABS Valve Block Supply Voltage,,NO_SECOND_SOURCE,,low,"Wal33D has no generic row for this code, so there is nothing to compare. One public lookup decides it; do not write an entry before that.",no
C0246,ABS/TCS Control Module Internal Performance,,NO_SECOND_SOURCE,,low,"Wal33D has no generic row for this code, so there is nothing to compare. One public lookup decides it; do not write an entry before that.",no
C0121,Valve Relay Circuit Malfunction,,NO_SECOND_SOURCE,,low,"Wal33D has no generic row for this code, so there is nothing to compare. One public lookup decides it; do not write an entry before that.",no
C0225,ABS Valve Relay Circuit,,NO_SECOND_SOURCE,,low,"Wal33D has no generic row for this code, so there is nothing to compare. One public lookup decides it; do not write an entry before that.",no
C0241,ABS Warning Lamp Control Circuit,,NO_SECOND_SOURCE,,low,"Wal33D has no generic row for this code, so there is nothing to compare. One public lookup decides it; do not write an entry before that.",no
C0242,PCM Indicated ABS Malfunction,,NO_SECOND_SOURCE,,low,"Wal33D has no generic row for this code, so there is nothing to compare. One public lookup decides it; do not write an entry before that.",no
