code,check,verdict,reason,suggested_fix
P0120,1 meaning matches title and structure,PASS,Throttle position sensor circuit; matches standard A circuit title,
P0120,"2 causes plausible for small bike, not car-only",PASS,"Sensor, wiring, misaligned sensor: all plausible on a throttle body",
P0120,3 advice free of reversals and rider danger,CONCERN,"""stop and check sooner if the engine stalls or surges"" is empty advice: if it stalled the rider has already stopped; also no warning that a stall in traffic is the real risk","Say: if the engine stalls more than once or surges, do not keep riding; have it taken to a workshop"
P0120,4 action level right under RUBRIC.md,PASS,SERVICE_SOON fits throttle tag and drivability harm,
P0120,"5 no part, number or voltage unsupported by source",PASS,"Parts all in source (throttle position sensor, connector, throttle body)",
P0120,6 shared failure wording used,PASS,"Generic ""circuit malfunction"" code: glossary says use ""circuit fault"" and not guess a failure type",
P0120,7 understandable to a rider,PASS,"Plain first sentence; ""sensor"", ""connector"" are known words",
P0120,8 proposed can_ride_to_workshop,PASS,can_ride_to_workshop=with_care: bike usually rideable but idle or throttle may be erratic; avoid traffic and long trips,
P0105,1 meaning matches title and structure,PASS,"MAP circuit; title drops ""barometric"" but meaning still fits",
P0105,"2 causes plausible for small bike, not car-only",CONCERN,"""Cracked or loose vacuum hose to the sensor"": many bike MAP sensors bolt straight onto the throttle body or intake with no hose","Add ""(if hose-fed)"" or reword to ""Loose or cracked hose or seal at the sensor"""
P0105,3 advice free of reversals and rider danger,PASS,"""Avoid hard riding"" is a safe hedge",
P0105,4 action level right under RUBRIC.md,PASS,SERVICE_SOON fits map_baro tag,
P0105,"5 no part, number or voltage unsupported by source",PASS,Vacuum hose is in the source components,
P0105,6 shared failure wording used,PASS,"Generic ""circuit malfunction"" code: glossary says use ""circuit fault"" and not guess a failure type",
P0105,7 understandable to a rider,PASS,"""intake pressure sensor"" is understandable; ""engine load"" is mild jargon",
P0105,8 proposed can_ride_to_workshop,PASS,can_ride_to_workshop=with_care: may run rough or start hard; ride gently and avoid long trips,
P0195,1 meaning matches title and structure,PASS,Oil temperature circuit; matches title,
P0195,"2 causes plausible for small bike, not car-only",PASS,Sensor and wiring/connector only; plausible and short,
P0195,3 advice free of reversals and rider danger,CONCERN,"""the ECU may not notice a hot engine"" claims a protection function the source does not state; ""watch for signs of overheating"" is vague on bikes without an oil temperature display","Drop the ECU protection claim; say ""the oil temperature reading is lost; ask the mechanic to check it at the next service"""
P0195,4 action level right under RUBRIC.md,PASS,MONITOR fits oil_temp tag and minor effect,
P0195,"5 no part, number or voltage unsupported by source",PASS,No unsupported part,
P0195,6 shared failure wording used,PASS,"Generic ""circuit malfunction"" code: glossary says use ""circuit fault"" and not guess a failure type",
P0195,7 understandable to a rider,PASS,Plain,
P0195,8 proposed can_ride_to_workshop,PASS,can_ride_to_workshop=yes: sensor reading only; bike should run normally,
P0130,1 meaning matches title and structure,PASS,Upstream O2 sensor circuit; matches B1S1 title,
P0130,"2 causes plausible for small bike, not car-only",PASS,"Aging, chafed wiring near exhaust, water in connector: plausible on a bike",
P0130,3 advice free of reversals and rider danger,PASS,Says bike usually rides normally; no safety claim,
P0130,4 action level right under RUBRIC.md,PASS,SERVICE_SOON allowed for o2_sensor; open-loop running is a drivability/emissions issue,
P0130,"5 no part, number or voltage unsupported by source",PASS,"Parts in source (oxygen sensor, harness, connector)",
P0130,6 shared failure wording used,PASS,"Generic ""circuit malfunction"" code: glossary says use ""circuit fault"" and not guess a failure type",
P0130,7 understandable to a rider,PASS,"Plain; ""emission system"" ok",
P0130,8 proposed can_ride_to_workshop,PASS,can_ride_to_workshop=yes: fuel control falls back to fixed map; usually rideable,
P0135,1 meaning matches title and structure,PASS,Upstream O2 heater circuit; matches title,
P0135,"2 causes plausible for small bike, not car-only",CONCERN,"""Blown heater fuse or faulty relay"" is stated flat but most small bikes drive the heater straight from the ECU with no separate fuse or relay; only the hint says ""if fitted""","Hedge the cause: ""Blown fuse or faulty relay for the heater (if fitted)"" or replace with ""Heater supply fault"""
P0135,3 advice free of reversals and rider danger,PASS,No danger; says bike usually rides normally,
P0135,4 action level right under RUBRIC.md,PASS,SERVICE_SOON fits o2_heater tag,
P0135,"5 no part, number or voltage unsupported by source",PASS,Heater fuse and relay are in the source components,
P0135,6 shared failure wording used,PASS,"Generic ""circuit malfunction"" code: glossary says use ""circuit fault"" and not guess a failure type",
P0135,7 understandable to a rider,PASS,Plain,
P0135,8 proposed can_ride_to_workshop,PASS,can_ride_to_workshop=yes,
P0201,1 meaning matches title and structure,PASS,Cylinder 1 injector circuit; matches title,
P0201,"2 causes plausible for small bike, not car-only",PASS,"Winding, wiring, ECU driver (hedged ""less common""): plausible",
P0201,3 advice free of reversals and rider danger,PASS,"Tells rider to pull over, switch off and check; no reversal",
P0201,4 action level right under RUBRIC.md,PASS,STOP is required by the injector tag and fits possible stall / no fuel,
P0201,"5 no part, number or voltage unsupported by source",PASS,ECU injector driver is a source component,
P0201,6 shared failure wording used,PASS,"""Open or shorted injector coil"" describes the winding, not the circuit; acceptable",
P0201,7 understandable to a rider,PASS,Plain,
P0201,8 proposed can_ride_to_workshop,PASS,"can_ride_to_workshop=no: single-cylinder bike gets no fuel at all; on a twin a mechanic may allow a short careful ride, but rubric STOP means arrange transport",
P0351,1 meaning matches title and structure,PASS,"Ignition coil A circuit; title carries ""primary or secondary circuit fault"" exactly",
P0351,"2 causes plausible for small bike, not car-only",PASS,"Coil, wiring, ECU ignition driver (hedged): plausible",
P0351,3 advice free of reversals and rider danger,PASS,Pull over and check; notes emission-system damage from long misfire,
P0351,4 action level right under RUBRIC.md,PASS,STOP required by ignition_coil tag,
P0351,"5 no part, number or voltage unsupported by source",PASS,"Parts in source (ignition coil, wiring, ECU ignition driver)",
P0351,6 shared failure wording used,PASS,"Generic ""circuit malfunction"" code: glossary says use ""circuit fault"" and not guess a failure type",
P0351,7 understandable to a rider,PASS,Plain,
P0351,8 proposed can_ride_to_workshop,PASS,can_ride_to_workshop=no: spark loss can stall the engine; arrange transport,
P0230,1 meaning matches title and structure,PASS,Fuel pump primary control circuit; matches title,
P0230,"2 causes plausible for small bike, not car-only",PASS,"Relay, wiring, pump: plausible; many bikes switch the pump from the ECU without a relay but the hint says ""if fitted""",
P0230,3 advice free of reversals and rider danger,PASS,"""instead of repeatedly trying to restart it"" is sensible (avoids flattening the battery)",
P0230,4 action level right under RUBRIC.md,PASS,STOP: may stall or not start; fits fuel_pump tag,
P0230,"5 no part, number or voltage unsupported by source",PASS,Parts all in source components,
P0230,6 shared failure wording used,PASS,"Generic ""circuit malfunction"" code: glossary says use ""circuit fault"" and not guess a failure type",
P0230,7 understandable to a rider,PASS,"Plain; ""primary circuit"" is workshop language but explained by ""that switches the fuel pump""",
P0230,8 proposed can_ride_to_workshop,PASS,can_ride_to_workshop=no: pump loss stops the engine without warning,
P0335,1 meaning matches title and structure,PASS,Crankshaft position sensor A circuit; matches title,
P0335,"2 causes plausible for small bike, not car-only",PASS,"Sensor, damaged ring, wiring: plausible",
P0335,3 advice free of reversals and rider danger,PASS,Pull over and check; no reversal,
P0335,4 action level right under RUBRIC.md,PASS,STOP required by crankshaft tag; no spark or fuel timing,
P0335,"5 no part, number or voltage unsupported by source",PASS,Reluctor ring is in source components,
P0335,6 shared failure wording used,PASS,"Generic ""circuit malfunction"" code: glossary says use ""circuit fault"" and not guess a failure type",
P0335,7 understandable to a rider,CONCERN,"""reluctor ring"" and ""ring teeth"" are workshop words a rider will not know","Say ""toothed ring on the crankshaft (reluctor ring)"" once in the cause"
P0335,8 proposed can_ride_to_workshop,PASS,can_ride_to_workshop=no: engine may stall or not start,
P0110,1 meaning matches title and structure,PASS,IAT circuit; matches title,
P0110,"2 causes plausible for small bike, not car-only",PASS,Sensor and wiring only; car MAF/IAT module cause correctly dropped,
P0110,3 advice free of reversals and rider danger,PASS,Says bike usually rides normally,
P0110,4 action level right under RUBRIC.md,PASS,MONITOR allowed by iat tag; small fuelling error,
P0110,"5 no part, number or voltage unsupported by source",PASS,No unsupported part,
P0110,6 shared failure wording used,PASS,"Generic ""circuit malfunction"" code: glossary says use ""circuit fault"" and not guess a failure type",
P0110,7 understandable to a rider,PASS,Plain,
P0110,8 proposed can_ride_to_workshop,PASS,can_ride_to_workshop=yes,
P0115,1 meaning matches title and structure,PASS,ECT circuit; matches title,
P0115,"2 causes plausible for small bike, not car-only",PASS,"Sensor and wiring plausible; wording says ""coolant"" which suits liquid-cooled bikes (title says ""(coolant)"")",
P0115,3 advice free of reversals and rider danger,CONCERN,"""watch the temperature gauge"" assumes a gauge; many Indian air-cooled bikes and scooters have none; no advice if the fan runs constantly or the engine smells hot","Say: ""if the bike has a temperature display watch it; stop and let the engine cool if it runs hot or the fan never stops"""
P0115,4 action level right under RUBRIC.md,PASS,SERVICE_SOON fits ect tag,
P0115,"5 no part, number or voltage unsupported by source",CONCERN,"""temperature gauge"" is a part not named by the source title, components or causes; validator has no gauge rule","Keep only if the source supports it, or phrase without naming the gauge"
P0115,6 shared failure wording used,PASS,"Generic ""circuit malfunction"" code: glossary says use ""circuit fault"" and not guess a failure type",
P0115,7 understandable to a rider,PASS,Plain,
P0115,8 proposed can_ride_to_workshop,PASS,can_ride_to_workshop=with_care: hard cold start and possible overheating; short trip in cool conditions,
P0202,1 meaning matches title and structure,PASS,Cylinder 2 injector circuit; matches title,
P0202,"2 causes plausible for small bike, not car-only",PASS,"Winding, wiring: plausible",
P0202,3 advice free of reversals and rider danger,PASS,Pull over and check; consistent with P0201,
P0202,4 action level right under RUBRIC.md,PASS,STOP forced by injector tag; consistent,
P0202,"5 no part, number or voltage unsupported by source",PASS,No unsupported part,
P0202,6 shared failure wording used,PASS,Winding wording only,
P0202,7 understandable to a rider,PASS,Plain,
P0202,8 proposed can_ride_to_workshop,PASS,can_ride_to_workshop=no under rubric; note: code cannot occur on a single-cylinder bike (app should hide it),
P0352,1 meaning matches title and structure,PASS,"Ignition coil B circuit, cylinder 2; matches title",
P0352,"2 causes plausible for small bike, not car-only",PASS,Coil swap hint needs a twin; correct for cylinder 2,
P0352,3 advice free of reversals and rider danger,PASS,Pull over and check,
P0352,4 action level right under RUBRIC.md,PASS,STOP required by ignition_coil tag,
P0352,"5 no part, number or voltage unsupported by source",PASS,Parts in source,
P0352,6 shared failure wording used,PASS,"Generic ""circuit malfunction"" code: glossary says use ""circuit fault"" and not guess a failure type",
P0352,7 understandable to a rider,PASS,Plain,
P0352,8 proposed can_ride_to_workshop,PASS,can_ride_to_workshop=no,
P0300,1 meaning matches title and structure,PASS,Random or multiple misfire; matches title,
P0300,"2 causes plausible for small bike, not car-only",PASS,"Spark plugs, intake air leak, fuel supply, coil: all plausible; car-only ""timing chain stretched"" cause correctly dropped",
P0300,3 advice free of reversals and rider danger,CONCERN,"""stop if the warning lamp blinks"" depends on a flashing lamp that many bikes do not give for misfire (the author logged this and only half fixed it)","Keep only ""stop if the engine runs very rough, backfires or loses power badly"""
P0300,4 action level right under RUBRIC.md,PASS,SERVICE_SOON fits misfire tag; severe misfire is still a drivability fault,
P0300,"5 no part, number or voltage unsupported by source",PASS,All parts in source,
P0300,6 shared failure wording used,PASS,Misfire is not a circuit failure; no shared phrase applies,
P0300,7 understandable to a rider,PASS,Plain,
P0300,8 proposed can_ride_to_workshop,PASS,"can_ride_to_workshop=with_care: reduce load, short trip",
P0301,1 meaning matches title and structure,PASS,Cylinder 1 misfire; matches title,
P0301,"2 causes plausible for small bike, not car-only",PASS,"Coil, plug, injector, compression: plausible",
P0301,3 advice free of reversals and rider danger,CONCERN,Same blinking-lamp trigger as P0300,Same fix as P0300
P0301,4 action level right under RUBRIC.md,PASS,SERVICE_SOON fits misfire tag,
P0301,"5 no part, number or voltage unsupported by source",PASS,Parts in source,
P0301,6 shared failure wording used,PASS,No circuit failure described,
P0301,7 understandable to a rider,PASS,"Plain; ""compression"" known to mechanics, mildly technical for riders",
P0301,8 proposed can_ride_to_workshop,PASS,can_ride_to_workshop=with_care,
P0302,1 meaning matches title and structure,PASS,Cylinder 2 misfire; matches title,
P0302,"2 causes plausible for small bike, not car-only",PASS,Plausible; code cannot occur on a single-cylinder bike,
P0302,3 advice free of reversals and rider danger,CONCERN,Same blinking-lamp trigger as P0300,Same fix as P0300
P0302,4 action level right under RUBRIC.md,PASS,SERVICE_SOON fits misfire tag,
P0302,"5 no part, number or voltage unsupported by source",PASS,Parts in source,
P0302,6 shared failure wording used,PASS,No circuit failure described,
P0302,7 understandable to a rider,PASS,Plain,
P0302,8 proposed can_ride_to_workshop,PASS,can_ride_to_workshop=with_care,
P0171,1 meaning matches title and structure,PASS,Fuel too lean; meaning correctly says ECU is adding fuel,
P0171,"2 causes plausible for small bike, not car-only",PASS,"Air leak, weak fuel supply, blocked injector plausible; car-only MAF and PCV causes correctly dropped",
P0171,3 advice free of reversals and rider danger,PASS,Warns lean can run hot; avoid hard or long rides,
P0171,4 action level right under RUBRIC.md,PASS,SERVICE_SOON required by fuel_trim tag,
P0171,"5 no part, number or voltage unsupported by source",PASS,Parts in source,
P0171,6 shared failure wording used,PASS,"No circuit failure; ""too lean"" per glossary",
P0171,7 understandable to a rider,PASS,Plain,
P0171,8 proposed can_ride_to_workshop,PASS,can_ride_to_workshop=with_care: lean running can overheat; short gentle ride,
P0172,1 meaning matches title and structure,PASS,Fuel too rich; matches title,
P0172,"2 causes plausible for small bike, not car-only",PASS,"Leaking injector, blocked air filter, regulator, O2 sensor: plausible. Source says ""severely blocked""; entry drops ""severely"" so the cause reads as more common than the source says",
P0172,3 advice free of reversals and rider danger,CONCERN,"""Expect black smoke, a fuel smell"" with no instruction for a strong petrol smell; a leaking injector or line is a fire risk and the brief requires conservative wording on fuel leaks","Add: ""If you smell petrol strongly near the engine or tank, or see fuel dripping, stop and do not ride"""
P0172,4 action level right under RUBRIC.md,PASS,SERVICE_SOON required by fuel_trim tag,
P0172,"5 no part, number or voltage unsupported by source",PASS,Parts in source,
P0172,6 shared failure wording used,PASS,"No circuit failure; ""too rich"" per glossary",
P0172,7 understandable to a rider,PASS,Plain,
P0172,8 proposed can_ride_to_workshop,PASS,can_ride_to_workshop=with_care: only if no fuel leak or strong petrol smell,
P0420,1 meaning matches title and structure,PASS,Catalyst efficiency; matches title,
P0420,"2 causes plausible for small bike, not car-only",PASS,"Aged catalyst, downstream O2 sensor, exhaust leak, misfire damage: plausible. Does not mention modified or removed exhaust, the commonest trigger on Indian bikes, but nothing stated is wrong",
P0420,3 advice free of reversals and rider danger,PASS,Says fix misfire first; no danger,
P0420,4 action level right under RUBRIC.md,PASS,MONITOR fits catalyst tag and emissions-only effect,
P0420,"5 no part, number or voltage unsupported by source",PASS,Parts in source,
P0420,6 shared failure wording used,PASS,"""efficiency below threshold"" is a catalyst phrase, not in the circuit phrase list; reasonable",
P0420,7 understandable to a rider,PASS,"""catalytic converter"" is understandable",
P0420,8 proposed can_ride_to_workshop,PASS,can_ride_to_workshop=yes,
P0122,1 meaning matches title and structure,PASS,"TPS A low input; ""voltage below threshold"" in title is correct",
P0122,"2 causes plausible for small bike, not car-only",PASS,"Short to ground, sensor, missing supply: plausible",
P0122,3 advice free of reversals and rider danger,CONCERN,"No stall warning although P0120 has one; low TPS signal can cause stall or surge, and on ride-by-wire bikes power loss","Add ""may stall at stops; avoid traffic and long rides"" and align with P0120"
P0122,4 action level right under RUBRIC.md,PASS,SERVICE_SOON fits throttle tag,
P0122,"5 no part, number or voltage unsupported by source",PASS,"""sensor supply"" matches the source ""5V reference"" without a voltage figure",
P0122,6 shared failure wording used,PASS,"""voltage below threshold"" and ""short to ground"" used",
P0122,7 understandable to a rider,CONCERN,"""short to ground"", ""missing sensor supply"" are workshop terms with no plain clause","Lead with a plain clause: ""the throttle reading is too low, so ... """
P0122,8 proposed can_ride_to_workshop,PASS,can_ride_to_workshop=with_care: ECU may limit power; avoid traffic,
P0123,1 meaning matches title and structure,PASS,TPS A high input; title correct,
P0123,"2 causes plausible for small bike, not car-only",PASS,"Short to supply, broken ground, sensor: plausible",
P0123,3 advice free of reversals and rider danger,CONCERN,Same missing stall warning as P0122; a high throttle signal may raise idle or fuelling,Same fix as P0122
P0123,4 action level right under RUBRIC.md,PASS,SERVICE_SOON fits throttle tag,
P0123,"5 no part, number or voltage unsupported by source",PASS,Parts in source,
P0123,6 shared failure wording used,PASS,"""voltage above threshold"", ""short to battery supply"" used",
P0123,7 understandable to a rider,CONCERN,Same workshop wording as P0122,Same fix as P0122
P0123,8 proposed can_ride_to_workshop,PASS,can_ride_to_workshop=with_care,
P0107,1 meaning matches title and structure,PASS,MAP low input; title correct,
P0107,"2 causes plausible for small bike, not car-only",PASS,"Short to ground, sensor, missing supply: plausible",
P0107,3 advice free of reversals and rider danger,PASS,Gentle riding advice; no reversal,
P0107,4 action level right under RUBRIC.md,PASS,SERVICE_SOON required by map_baro tag,
P0107,"5 no part, number or voltage unsupported by source",PASS,Parts in source,
P0107,6 shared failure wording used,PASS,"""voltage below threshold"", ""short to ground"" used",
P0107,7 understandable to a rider,CONCERN,"Meaning is only workshop wording (""short to ground"", ""missing sensor supply"")",Add a plain clause about what the bike does
P0107,8 proposed can_ride_to_workshop,PASS,can_ride_to_workshop=with_care,
P0108,1 meaning matches title and structure,PASS,MAP high input; title correct,
P0108,"2 causes plausible for small bike, not car-only",PASS,"Short to supply, sensor, ground: plausible",
P0108,3 advice free of reversals and rider danger,PASS,Says may run rich; consistent with a high pressure reading,
P0108,4 action level right under RUBRIC.md,PASS,SERVICE_SOON required by map_baro tag,
P0108,"5 no part, number or voltage unsupported by source",PASS,Parts in source,
P0108,6 shared failure wording used,PASS,"""voltage above threshold"", ""short to battery supply"" used",
P0108,7 understandable to a rider,CONCERN,Same workshop wording as P0107,Same fix
P0108,8 proposed can_ride_to_workshop,PASS,can_ride_to_workshop=with_care,
P0112,1 meaning matches title and structure,PASS,"IAT low input; ""air looks hotter"" is the correct direction for a hot-reading NTC sensor",
P0112,"2 causes plausible for small bike, not car-only",PASS,Short to ground and internal short: plausible,
P0112,3 advice free of reversals and rider danger,PASS,Safe: rides normally,
P0112,4 action level right under RUBRIC.md,PASS,MONITOR allowed by iat tag,
P0112,"5 no part, number or voltage unsupported by source",PASS,Parts in source,
P0112,6 shared failure wording used,PASS,"""voltage below threshold"", ""short to ground"" used",
P0112,7 understandable to a rider,PASS,First half plain,
P0112,8 proposed can_ride_to_workshop,PASS,can_ride_to_workshop=yes,
P0113,1 meaning matches title and structure,PASS,"IAT high input; ""air looks colder"" is the correct direction",
P0113,"2 causes plausible for small bike, not car-only",PASS,"Open circuit, corroded connector: plausible",
P0113,3 advice free of reversals and rider danger,PASS,Safe,
P0113,4 action level right under RUBRIC.md,PASS,MONITOR allowed by iat tag,
P0113,"5 no part, number or voltage unsupported by source",PASS,Parts in source,
P0113,6 shared failure wording used,PASS,"""voltage above threshold"", ""open circuit"" used",
P0113,7 understandable to a rider,PASS,First half plain,
P0113,8 proposed can_ride_to_workshop,PASS,can_ride_to_workshop=yes,
P0117,1 meaning matches title and structure,PASS,"ECT low input; ""engine looks hotter"" is the correct direction",
P0117,"2 causes plausible for small bike, not car-only",PASS,Short to ground and internal short: plausible,
P0117,3 advice free of reversals and rider danger,CONCERN,"Basis ""may overheat"" is not caused by this code (the ECU thinks the engine is hot); ""watch the temperature gauge"" assumes a gauge, which many air-cooled bikes lack","Basis: ""hard cold start"". Remove or hedge the gauge advice"
P0117,4 action level right under RUBRIC.md,PASS,SERVICE_SOON fits ect tag,
P0117,"5 no part, number or voltage unsupported by source",CONCERN,"""temperature gauge"" not supported by source; same as P0115",Same fix as P0115
P0117,6 shared failure wording used,PASS,"""voltage below threshold"", ""short to ground"" used",
P0117,7 understandable to a rider,PASS,First half plain,
P0117,8 proposed can_ride_to_workshop,PASS,can_ride_to_workshop=with_care: hard cold start; watch for stalling,
P0118,1 meaning matches title and structure,PASS,"ECT high input; ""engine looks colder"" is the correct direction",
P0118,"2 causes plausible for small bike, not car-only",PASS,Open circuit and corroded connector: plausible,
P0118,3 advice free of reversals and rider danger,CONCERN,"Says cooling may not switch on: correct and useful, but ""watch the temperature gauge"" assumes a gauge; no stop instruction if the engine overheats","Add ""stop and let it cool if the engine runs very hot or the fan never starts"""
P0118,4 action level right under RUBRIC.md,PASS,SERVICE_SOON fits ect tag; wrong cooling control can overheat,
P0118,"5 no part, number or voltage unsupported by source",CONCERN,"""temperature gauge"" not in source",Same fix as P0115
P0118,6 shared failure wording used,PASS,"""voltage above threshold"", ""open circuit"" used",
P0118,7 understandable to a rider,PASS,First half plain,
P0118,8 proposed can_ride_to_workshop,PASS,can_ride_to_workshop=with_care: avoid traffic and hot weather,
P0131,1 meaning matches title and structure,PASS,"O2 sensor low voltage; ""voltage below threshold"" correct",
P0131,"2 causes plausible for small bike, not car-only",PASS,"Exhaust leak, short to ground, lean running: plausible",
P0131,3 advice free of reversals and rider danger,PASS,Safe: usually rides normally,
P0131,4 action level right under RUBRIC.md,PASS,SERVICE_SOON allowed by o2_sensor tag,
P0131,"5 no part, number or voltage unsupported by source",PASS,Parts in source,
P0131,6 shared failure wording used,PASS,"""voltage below threshold"", ""short to ground"" used",
P0131,7 understandable to a rider,CONCERN,"""lean mixture"", ""short to ground"" in one sentence is workshop language","Lead with ""the exhaust sensor reads lean"""
P0131,8 proposed can_ride_to_workshop,PASS,can_ride_to_workshop=yes,
P0132,1 meaning matches title and structure,PASS,O2 sensor high voltage; title correct,
P0132,"2 causes plausible for small bike, not car-only",PASS,"Rich running, short to supply, silicone/coolant poisoning: plausible",
P0132,3 advice free of reversals and rider danger,CONCERN,"""a fuel smell"" given as an expected symptom with no advice for a strong petrol smell; fire-risk wording needed",Same fix as P0172
P0132,4 action level right under RUBRIC.md,PASS,SERVICE_SOON allowed by o2_sensor tag,
P0132,"5 no part, number or voltage unsupported by source",PASS,Parts in source,
P0132,6 shared failure wording used,PASS,"""voltage above threshold"", ""short to battery supply"" used",
P0132,7 understandable to a rider,CONCERN,"Workshop wording (""contaminated sensor"", ""short to battery supply"")",Add a plain clause
P0132,8 proposed can_ride_to_workshop,PASS,can_ride_to_workshop=yes: unless petrol smell,
P0500,1 meaning matches title and structure,CONCERN,"Standard title is ""Vehicle Speed Sensor A Malfunction"" (not a circuit code); entry says ""circuit fault"" and the code also covers implausible speed","Title ""Vehicle speed sensor A: fault""; keep meaning"
P0500,"2 causes plausible for small bike, not car-only",PASS,"Sensor, wiring: plausible; on many bikes speed comes from a gearbox or ABS wheel sensor so confidence medium is right",
P0500,3 advice free of reversals and rider danger,PASS,Advice tells rider not to trust the speedometer: safe,
P0500,4 action level right under RUBRIC.md,PASS,SERVICE_SOON allowed by vehicle_speed tag,
P0500,"5 no part, number or voltage unsupported by source",CONCERN,"""idle control may be affected"" is not supported by the source, which talks about cruise and shift adaptation (car-only)","Remove ""idle control""; say only speedometer, speed readout and any speed limiting may be affected"
P0500,6 shared failure wording used,PASS,"Generic ""circuit malfunction"" code: glossary says use ""circuit fault"" and not guess a failure type",
P0500,7 understandable to a rider,PASS,Plain,
P0500,8 proposed can_ride_to_workshop,PASS,can_ride_to_workshop=with_care: speedometer unreliable; legal and safety issue,
P0562,1 meaning matches title and structure,PASS,System voltage low; matches title,
P0562,"2 causes plausible for small bike, not car-only",PASS,"Battery, charging, terminals: plausible",
P0562,3 advice free of reversals and rider danger,PASS,"Good: switch off accessories, avoid long rides; no reversal",
P0562,4 action level right under RUBRIC.md,PASS,SERVICE_SOON allowed; stall risk is stated,
P0562,"5 no part, number or voltage unsupported by source",PASS,Parts in source,
P0562,6 shared failure wording used,PASS,"""voltage below threshold"" in title",
P0562,7 understandable to a rider,PASS,Plain,
P0562,8 proposed can_ride_to_workshop,PASS,"can_ride_to_workshop=with_care: a failing charge circuit drains the battery and EFI bikes stop when it is flat; go straight to workshop, avoid night rides",
P0563,1 meaning matches title and structure,PASS,System voltage high; matches title,
P0563,"2 causes plausible for small bike, not car-only",PASS,Regulator failure and overcharging: plausible and typical on bikes,
P0563,3 advice free of reversals and rider danger,CONCERN,"Advice puts the fire and battery-damage warning (hot or smelling battery) behind ""stop and check"" without ""switch off and do not keep riding""; brief requires conservative wording on fire risk","Strengthen: ""If the battery is hot, swollen or smells of rotten eggs, stop, switch off and do not ride on"""
P0563,4 action level right under RUBRIC.md,CONCERN,Overcharge can boil or vent a battery (fire and acid risk). SERVICE_SOON is only defensible with a firm stop trigger; owner decision whether this should be STOP,Either raise to STOP or keep SERVICE_SOON with the stronger advice above
P0563,"5 no part, number or voltage unsupported by source",PASS,"""battery"" is only in the source description, validator warns; supported",
P0563,6 shared failure wording used,PASS,"""voltage above threshold"" in title",
P0563,7 understandable to a rider,PASS,Plain,
P0563,8 proposed can_ride_to_workshop,PASS,"can_ride_to_workshop=with_care: short daytime ride only, stop if lights are very bright, bulbs blow or battery heats; owner may set no",
P0850,1 meaning matches title and structure,PASS,Neutral switch input; adapts Park/Neutral to a bike. Source is automatic-transmission (TCM); adaptation is reasonable but assumes a bike with a neutral switch,
P0850,"2 causes plausible for small bike, not car-only",PASS,"Switch, alignment, wiring: plausible",
P0850,3 advice free of reversals and rider danger,PASS,"""do not bypass any safety switch"" is good safety wording",
P0850,4 action level right under RUBRIC.md,PASS,SERVICE_SOON allowed by neutral_gear tag,
P0850,"5 no part, number or voltage unsupported by source",CONCERN,"""neutral lamp"" is not a source part (validator maps it to ""neutral"" and passes it)","Say ""neutral indicator"" only if source supports, else drop"
P0850,6 shared failure wording used,PASS,"Generic ""circuit malfunction"" code: glossary says use ""circuit fault"" and not guess a failure type",
P0850,7 understandable to a rider,PASS,Plain,
P0850,8 proposed can_ride_to_workshop,PASS,can_ride_to_workshop=with_care if the bike starts; no if it will not start,
P0600,1 meaning matches title and structure,PASS,Serial link fault; matches title; low confidence is right,
P0600,"2 causes plausible for small bike, not car-only",PASS,Wiring and corroded connectors only; car gateway and terminating resistor causes correctly dropped,
P0600,3 advice free of reversals and rider danger,CONCERN,"""stop if the engine cuts out"" is empty advice (it has already stopped) and mixes a STOP trigger into a SERVICE_SOON entry","Say: ""if the engine stalls or loses power more than once, do not keep riding"""
P0600,4 action level right under RUBRIC.md,PASS,SERVICE_SOON allowed by control_module tag; low confidence and review flag set,
P0600,"5 no part, number or voltage unsupported by source",PASS,No unsupported part,
P0600,6 shared failure wording used,PASS,Generic serial link code; no failure type stated,
P0600,7 understandable to a rider,CONCERN,"""serial communication link"", ""control units exchange data"": a rider cannot act on this","Say ""the bike's electronic units cannot talk to each other"""
P0600,8 proposed can_ride_to_workshop,PASS,can_ride_to_workshop=with_care: effect is unclear; stop if the engine misbehaves,
P0340,1 meaning matches title and structure,PASS,Camshaft position circuit; matches title,
P0340,"2 causes plausible for small bike, not car-only",CONCERN,"""Worn timing chain affecting the sensor signal"" is a car-style cause flagged as weak in the source; small-bike cam chain wear is not an established cause of a sensor circuit code","Drop it or hedge: ""Cam timing off after chain wear (rare)"""
P0340,3 advice free of reversals and rider danger,CONCERN,"""stop and check if the engine stalls repeatedly"" is circular advice","Say: ""if it stalls or will not restart, have it taken to a workshop"""
P0340,4 action level right under RUBRIC.md,PASS,SERVICE_SOON allowed by camshaft tag,
P0340,"5 no part, number or voltage unsupported by source",PASS,Parts in source,
P0340,6 shared failure wording used,PASS,"Generic ""circuit malfunction"" code: glossary says use ""circuit fault"" and not guess a failure type",
P0340,7 understandable to a rider,CONCERN,"""lose track of the engine cycle"" is jargon","Say ""may not time fuel and spark correctly"""
P0340,8 proposed can_ride_to_workshop,PASS,can_ride_to_workshop=with_care,
P0505,1 meaning matches title and structure,PASS,Idle control fault; matches title,
P0505,"2 causes plausible for small bike, not car-only",PASS,"Idle valve, dirty throttle body, air leak: plausible for fuel-injected bikes",
P0505,3 advice free of reversals and rider danger,PASS,Honest: warns about stalling in traffic,
P0505,4 action level right under RUBRIC.md,PASS,"SERVICE_SOON required by idle tag; idle stall is drivability, not no-start",
P0505,"5 no part, number or voltage unsupported by source",PASS,"Parts in source (idle air control valve, throttle body)",
P0505,6 shared failure wording used,PASS,"No circuit failure; ""fault"" ok",
P0505,7 understandable to a rider,PASS,Plain,
P0505,8 proposed can_ride_to_workshop,PASS,can_ride_to_workshop=with_care: may stall at stops,
U0100,1 meaning matches title and structure,CONCERN,"Meaning says ""or the scan tool could not get messages""; U0100 means another control unit lost the ECU, a scan tool is not part of the code","Drop ""or the scan tool"""
U0100,"2 causes plausible for small bike, not car-only",PASS,"ECU power, wiring, ECU failure: plausible",
U0100,3 advice free of reversals and rider danger,CONCERN,"Advice says the engine may cut out or not start but the level is SERVICE_SOON and the only stop trigger is circular (""stop if the engine cuts out"")",Fix level (see check 4) and make the advice match
U0100,4 action level right under RUBRIC.md,FAIL,"Basis ""engine may cut out"" is the STOP wording used for P0201 and P0351; the entry itself says it may not start or run. Level and advice contradict each other (validator cannot see this)","Set STOP, or keep SERVICE_SOON only after removing the stall and no-start claims and explaining the two cases (ECU dead vs only cluster or ABS unit complaining)"
U0100,"5 no part, number or voltage unsupported by source",CONCERN,"""scan tool"" is not in the source",Remove
U0100,6 shared failure wording used,PASS,"""communication lost"" used correctly",
U0100,7 understandable to a rider,PASS,Mostly plain,
U0100,8 proposed can_ride_to_workshop,PASS,can_ride_to_workshop=no: matches the stall and no-start text and the proposed STOP,
U0121,1 meaning matches title and structure,PASS,ABS communication lost; matches title,
U0121,"2 causes plausible for small bike, not car-only",PASS,"ABS power, wiring, unit failure: plausible",
U0121,3 advice free of reversals and rider danger,CONCERN,"""Normal braking should still work ... ABS may be off"": the special rule asks for a plain statement that brakes work, ABS is off and wheels can lock. Hedged ""should"" and ""may"" soften it. Add that the speedometer can also stop on bikes that take speed from the ABS unit","""Your normal brakes still work but ABS is off and a wheel can lock in hard braking."""
U0121,4 action level right under RUBRIC.md,PASS,"SERVICE_SOON with ABS-off wording; not STOP, so correct under the special rule",
U0121,"5 no part, number or voltage unsupported by source",PASS,Parts in source,
U0121,6 shared failure wording used,PASS,"""communication lost"" used",
U0121,7 understandable to a rider,PASS,Plain,
U0121,8 proposed can_ride_to_workshop,PASS,"can_ride_to_workshop=with_care: ride gently, brake early, avoid wet roads",
U0155,1 meaning matches title and structure,PASS,Cluster communication lost; matches title,
U0155,"2 causes plausible for small bike, not car-only",PASS,"Fuse, ground, wiring, cluster: plausible",
U0155,3 advice free of reversals and rider danger,PASS,Tells rider they may miss a warning,
U0155,4 action level right under RUBRIC.md,PASS,SERVICE_SOON allowed by lost_comm_cluster tag,
U0155,"5 no part, number or voltage unsupported by source",PASS,Parts in source,
U0155,6 shared failure wording used,PASS,"""communication lost"" used",
U0155,7 understandable to a rider,PASS,Plain,
U0155,8 proposed can_ride_to_workshop,PASS,"can_ride_to_workshop=with_care: without lamps the rider cannot see ABS, oil or fault warnings",
C0035,1 meaning matches title and structure,PASS,"Wheel speed sensor circuit; title keeps ""listed as left front"" and says so honestly",
C0035,"2 causes plausible for small bike, not car-only",PASS,"Sensor, tone ring, wiring: plausible; car ""wheel hub bearing"" cause correctly dropped",
C0035,3 advice free of reversals and rider danger,PASS,"Meets the special rule: brakes work, ABS may be off, wheel can lock, brake early",
C0035,4 action level right under RUBRIC.md,PASS,SERVICE_SOON is right for a wheel speed sensor code under the special rule; review flag set,
C0035,"5 no part, number or voltage unsupported by source",PASS,Parts in source,
C0035,6 shared failure wording used,PASS,"Generic ""circuit malfunction"" code: glossary says use ""circuit fault"" and not guess a failure type",
C0035,7 understandable to a rider,CONCERN,"Title ""(listed as left front)"" will confuse a rider; ""tone ring"" is a workshop word","Title: ""Wheel speed sensor fault (front or rear wheel)""; say ""toothed ring"" once"
C0035,8 proposed can_ride_to_workshop,PASS,"can_ride_to_workshop=with_care: brakes work, ABS probably off",
