code,level,status,reason
P0200,STOP,owner_confirmed,"injector circuit open: a cylinder may get no fuel; on a single the engine may stop"
P0201,STOP,owner_confirmed,"cylinder 1 injector circuit: single-cylinder bike gets no fuel"
P0261,STOP,owner_confirmed,"cylinder 1 injector circuit low"
P0262,STOP,owner_confirmed,"cylinder 1 injector circuit high"
P0350,STOP,owner_confirmed,"ignition coil circuit: no spark can stop the engine"
P0351,STOP,owner_confirmed,"ignition coil A, cylinder 1: no spark stops a single"
P0335,STOP,owner_confirmed,"crankshaft position signal: the engine may stop or not start"
P0336,STOP,owner_confirmed,"crankshaft signal performance (borderline; D2 keeps it at STOP)"
P0337,STOP,owner_confirmed,"crankshaft signal low"
P0338,STOP,owner_confirmed,"crankshaft signal high"
P0339,STOP,owner_confirmed,"crankshaft signal intermittent: sudden stop"
P0230,STOP,owner_confirmed,"fuel pump control circuit: the pump may not run"
P0231,STOP,owner_confirmed,"fuel pump power circuit low: pump weak or off"
P0233,STOP,owner_confirmed,"fuel pump power circuit intermittent: sudden stop"
P0627,STOP,owner_confirmed,"fuel pump control circuit open: the pump does not run"
P0628,STOP,owner_confirmed,"fuel pump control circuit low: the pump may not run"
P0629,STOP,owner_confirmed,"fuel pump control circuit high (borderline; D2 keeps it at STOP)"
P0685,STOP,owner_confirmed,"ECU power relay control open (borderline; D2 keeps it at STOP)"
P0686,STOP,owner_confirmed,"ECU power relay control low (borderline; D2 keeps it at STOP)"
P0217,STOP,owner_confirmed,"engine overheating: an active condition that can destroy the engine within minutes"
