code,reason_held_out_of_the_content
P0002,the two title sources disagree
P0010,the two title sources disagree
P0011,title longer than the 70-character limit
P0013,the two title sources disagree
P0014,the two title sources disagree
P0020,the two title sources disagree
P0021,the two title sources disagree
P0023,the two title sources disagree
P0024,the two title sources disagree
P0033,the two title sources disagree
P0034,sources agree but not on the same words
P0035,sources agree but not on the same words
P0134,the two title sources disagree
P0140,the two title sources disagree
P0142,the two title sources disagree
P0143,the two title sources disagree
P0144,the two title sources disagree
P0145,the two title sources disagree
P0146,the two title sources disagree
P0153,the two title sources disagree
P0154,the two title sources disagree
P0158,the two title sources disagree
P0159,the two title sources disagree
P0160,the two title sources disagree
P0162,the two title sources disagree
P0163,the two title sources disagree
P0164,the two title sources disagree
P0165,the two title sources disagree
P0166,the two title sources disagree
P0245,the two title sources disagree
P0246,the two title sources disagree
P0247,the two title sources disagree
P0248,the two title sources disagree
P0252,title longer than the 70-character limit
P0255,title longer than the 70-character limit
P0257,title longer than the 70-character limit
P0260,the two title sources disagree
P0273,the two title sources disagree
P0330,the two title sources disagree
P0332,the two title sources disagree
P0333,the two title sources disagree
P0353,the two title sources disagree
P0354,the two title sources disagree
P0355,the two title sources disagree
P0356,the two title sources disagree
P0357,the two title sources disagree
P0358,the two title sources disagree
P0381,the two title sources disagree
P0401,the two title sources disagree
P0402,the two title sources disagree
P0403,the two title sources disagree
P0405,the two title sources disagree
P0406,the two title sources disagree
P0408,the two title sources disagree
P0418,the two title sources disagree
P0421,the two title sources disagree
P0422,the two title sources disagree
P0426,title longer than the 70-character limit
P0431,the two title sources disagree
P0432,the two title sources disagree
P0436,title longer than the 70-character limit
P0446,the two title sources disagree
P0449,the two title sources disagree
P0566,the two title sources disagree
P0567,the two title sources disagree
P0568,the two title sources disagree
P0570,the two title sources disagree
P0572,the two title sources disagree
P0573,the two title sources disagree
P0620,held out by the content owner
P0621,held out by the content owner
P0622,the two title sources disagree
P0625,held out by the content owner
P0626,held out by the content owner
P0650,the two title sources disagree
P0670,the two title sources disagree
P0671,the two title sources disagree
P0672,the two title sources disagree
P0673,the two title sources disagree
P0674,the two title sources disagree
P0675,the two title sources disagree
P0676,the two title sources disagree
P0677,the two title sources disagree
P0678,the two title sources disagree
P0705,the two title sources disagree
P0715,the two title sources disagree
P0716,sources agree but not on the same words
P0717,sources agree but not on the same words
P0720,the two title sources disagree
P0721,sources agree but not on the same words
P0722,sources agree but not on the same words
P0740,the two title sources disagree
P0746,the two title sources disagree
P0751,the two title sources disagree
P0756,the two title sources disagree
P0761,the two title sources disagree
P0766,the two title sources disagree
P0776,the two title sources disagree
P0780,the two title sources disagree
P0796,the two title sources disagree
P0801,the two title sources disagree
P0840,the two title sources disagree
P0905,the two title sources disagree
P0914,held out by the content owner
P0915,held out by the content owner
P0916,held out by the content owner
P0917,held out by the content owner
P0918,held out by the content owner
P0919,held out by the content owner
P0925,the two title sources disagree
P0930,the two title sources disagree
P0935,the two title sources disagree
P2002,sources agree but not on the same words
P2003,sources agree but not on the same words
P2008,sources agree but not on the same words
P2009,sources agree but not on the same words
P2010,sources agree but not on the same words
P2015,title longer than the 70-character limit
P2018,the two title sources disagree
P2019,the two title sources disagree
P2020,the two title sources disagree
P2021,the two title sources disagree
P2023,title longer than the 70-character limit
P2075,title longer than the 70-character limit
P2076,title longer than the 70-character limit
P2077,title longer than the 70-character limit
P2078,title longer than the 70-character limit
P2079,title longer than the 70-character limit
P2082,title longer than the 70-character limit
P2113,the two title sources disagree
P2119,the two title sources disagree
P2120,the two title sources disagree
P2121,the two title sources disagree
P2124,the two title sources disagree
P2125,the two title sources disagree
P2126,the two title sources disagree
P2129,the two title sources disagree
P2131,the two title sources disagree
P2132,the two title sources disagree
P2133,the two title sources disagree
P2186,the two title sources disagree
P2197,sources agree but not on the same words
P2198,sources agree but not on the same words
P2205,the two title sources disagree
P2206,the two title sources disagree
P2207,the two title sources disagree
P2208,the two title sources disagree
P2209,the two title sources disagree
P2210,the two title sources disagree
P2211,the two title sources disagree
P2230,the two title sources disagree
P2231,the two title sources disagree
P2237,the two title sources disagree
P2238,the two title sources disagree
P2239,the two title sources disagree
P2241,the two title sources disagree
P2242,the two title sources disagree
P2243,the two title sources disagree
P2251,the two title sources disagree
P2254,the two title sources disagree
P2255,the two title sources disagree
P2256,the two title sources disagree
P2272,sources agree but not on the same words
P2273,sources agree but not on the same words
P2280,the two title sources disagree
P2293,the two title sources disagree
P2295,the two title sources disagree
P2296,the two title sources disagree
P2299,the two title sources disagree
P2400,sources agree but not on the same words
P2401,sources agree but not on the same words
P2402,sources agree but not on the same words
P2404,sources agree but not on the same words
P2407,the two title sources disagree
P2418,the two title sources disagree
P2419,the two title sources disagree
P2420,the two title sources disagree
P2422,the two title sources disagree
P2444,the two title sources disagree
P2445,the two title sources disagree
P2446,the two title sources disagree
P2447,the two title sources disagree
P2450,the two title sources disagree
P2452,sources agree but not on the same words
P2453,sources agree but not on the same words
P2454,sources agree but not on the same words
P2455,sources agree but not on the same words
P2456,the two title sources disagree
P2457,the two title sources disagree
P2458,the two title sources disagree
P2459,sources agree but not on the same words
P2463,sources agree but not on the same words
P2500,held out by the content owner
P2501,held out by the content owner
P2602,the two title sources disagree
P2603,the two title sources disagree
P2723,the two title sources disagree
P2761,title longer than the 70-character limit
P2762,title longer than the 70-character limit
P3400,the two title sources disagree
P3402,the two title sources disagree
P3403,the two title sources disagree
P3404,the two title sources disagree
P3405,the two title sources disagree
P3406,the two title sources disagree
P3407,the two title sources disagree
P3408,the two title sources disagree
P3409,the two title sources disagree
P3410,the two title sources disagree
P3411,the two title sources disagree
P3412,the two title sources disagree
P3413,the two title sources disagree
P3414,the two title sources disagree
P3425,the two title sources disagree
P3433,the two title sources disagree
P3434,the two title sources disagree
P3435,the two title sources disagree
P3436,the two title sources disagree
P3437,the two title sources disagree
P3438,the two title sources disagree
P3439,the two title sources disagree
P3440,the two title sources disagree
P3441,the two title sources disagree
P3442,the two title sources disagree
P3443,the two title sources disagree
P3444,the two title sources disagree
P3445,the two title sources disagree
P3446,the two title sources disagree
P3447,the two title sources disagree
P3448,the two title sources disagree
P3449,the two title sources disagree
P3450,the two title sources disagree
P3451,the two title sources disagree
P3452,the two title sources disagree
P3453,the two title sources disagree
P3454,the two title sources disagree
P3456,the two title sources disagree
P3457,the two title sources disagree
P3458,the two title sources disagree
P3459,the two title sources disagree
P3460,the two title sources disagree
P3461,the two title sources disagree
P3462,the two title sources disagree
P3463,the two title sources disagree
